TelekomunikacjaPolska, 	AS5617, 5.184.0.0/15 5.184.0.0/16 31.60.0.0/14 31.61.128.0/21 31.63.128.0/17 37.47.0.0/16 37.108.0.0/16 37.225.0.0/16 37.228.0.0/18 46.134.0.0/16 46.134.192.0/18 46.170.0.0/15 79.139.44.0/22 79.162.0.0/15 79.162.128.0/18 79.163.0.0/16 79.184.0.0/13 79.190.0.0/19 80.48.0.0/13 80.48.169.0/24 83.0.0.0/11 83.0.0.0/13 83.8.0.0/13 83.16.0.0/13 83.24.0.0/13 87.96.0.0/17 91.94.0.0/16 91.220.17.0/24 95.48.0.0/14 95.178.76.0/22 95.178.88.0/22 176.118.136.0/21 178.42.0.0/15 178.56.0.0/16 188.47.0.0/16 188.47.192.0/18 193.110.98.0/23 193.110.120.0/22 194.204.128.0/18 195.116.0.0/16 195.117.0.0/16 195.205.0.0/16 212.160.0.0/16 212.160.172.0/24 212.244.0.0/16 213.25.0.0/16 213.76.0.0/16 213.77.0.0/16 213.77.68.0/24 213.77.68.192/26 217.96.0.0/14 217.96.0.0/16 217.97.0.0/16 217.97.171.0/24 217.97.216.0/24 217.98.0.0/16 217.98.40.0/24 217.98.41.0/24 217.98.42.0/24 217.98.43.0/24 217.99.0.0/16 217.116.100.0/22 
Netia, 	AS12741, 5.226.64.0/18 31.41.144.0/21 31.131.48.0/20 37.128.0.0/17 46.151.72.0/21 46.175.14.0/23 46.235.120.0/21 62.87.128.0/17 62.87.128.0/24 62.87.130.0/24 62.87.136.0/24 62.87.137.0/24 62.87.152.0/24 62.87.161.0/24 62.87.168.0/24 62.87.176.0/24 62.87.192.0/24 62.87.193.0/24 62.87.244.0/24 62.87.245.0/24 62.87.253.0/24 62.87.254.0/24 62.111.250.0/24 62.148.64.0/19 62.233.128.0/17 62.233.144.0/24 62.244.128.0/19 77.252.0.0/14 77.252.229.0/24 77.253.0.0/16 77.253.80.0/20 77.253.96.0/19 77.254.0.0/16 77.255.0.0/16 78.8.0.0/14 78.9.160.0/22 78.31.88.0/21 81.168.128.0/17 81.210.0.0/17 81.219.0.0/16 83.238.0.0/16 84.38.96.0/20 84.40.128.0/17 87.105.0.0/16 87.204.0.0/15 87.205.32.0/21 87.205.160.0/20 87.205.192.0/20 87.205.240.0/20 87.239.88.0/22 89.171.17.0/24 89.171.96.0/22 89.171.224.0/20 89.171.240.0/23 89.174.31.0/24 89.200.152.0/21 91.189.136.0/21 91.193.84.0/22 91.198.94.0/24 91.202.100.0/22 91.202.192.0/22 91.203.16.0/22 91.206.6.0/23 91.207.184.0/23 91.208.78.0/24 91.210.12.0/22 91.212.127.0/24 91.213.108.0/24 91.222.56.0/22 91.222.56.0/24 91.223.119.0/24 91.227.63.0/24 91.227.64.0/22 91.231.248.0/22 91.232.44.0/23 91.235.0.0/23 91.235.16.0/22 91.235.149.0/24 91.235.152.0/22 91.235.204.0/22 91.235.238.0/23 91.237.136.0/23 91.238.60.0/24 91.238.107.0/24 91.238.178.0/23 91.239.113.0/24 91.239.114.0/23 91.239.116.0/22 91.239.120.0/24 91.241.60.0/22 91.247.147.0/24 93.157.152.0/21 95.178.80.0/21 139.181.144.0/22 159.205.0.0/16 176.101.128.0/20 176.107.104.0/21 176.107.168.0/21 178.16.116.0/24 178.16.121.0/24 178.36.0.0/15 178.252.0.0/22 178.252.4.0/23 178.252.11.0/24 178.252.12.0/23 192.55.109.0/24 192.156.102.0/24 193.23.63.0/24 193.24.14.0/24 193.43.12.0/23 193.84.29.0/24 193.105.24.0/24 193.218.126.0/23 194.29.180.0/22 194.31.32.0/22 194.33.76.0/23 194.33.111.0/24 194.42.110.0/23 194.88.224.0/23 194.93.124.0/23 194.93.126.0/23 194.93.126.0/25 194.93.126.128/25 194.93.127.0/25 194.93.127.128/25 194.106.200.0/23 194.110.116.0/24 194.152.53.0/24 195.20.138.0/24 195.43.142.0/24 195.47.227.0/24 195.47.246.0/24 195.114.160.0/19 195.225.70.0/23 195.234.63.0/24 195.238.228.0/24 195.248.88.0/24 212.106.0.0/19 213.17.128.0/17 213.146.32.0/19 213.186.64.0/19 213.195.128.0/18 213.216.64.0/18 213.238.64.0/18 213.241.0.0/17 217.30.128.0/19 217.30.128.0/20 217.30.144.0/21 217.30.152.0/21 217.30.152.0/22 
UPC, 	AS6830, 24.132.0.0/16 24.132.0.0/17 24.132.12.0/22 24.132.128.0/17 31.10.128.0/17 31.151.0.0/16 31.151.0.0/17 31.151.128.0/17 31.178.0.0/15 31.178.0.0/16 31.179.0.0/16 31.186.192.0/19 31.186.192.0/20 31.186.208.0/20 31.187.0.0/18 31.187.0.0/19 31.187.32.0/19 37.61.184.0/21 37.77.224.0/19 37.228.192.0/18 37.228.192.0/19 37.228.224.0/19 46.7.0.0/16 46.7.0.0/17 46.7.128.0/17 46.126.0.0/15 46.126.0.0/16 46.127.0.0/16 46.129.0.0/16 46.129.0.0/17 46.129.128.0/17 46.140.0.0/16 46.140.0.0/17 46.140.128.0/17 46.167.192.0/18 46.167.192.0/19 46.167.224.0/19 46.174.16.0/21 46.183.64.0/21 62.2.0.0/16 62.24.64.0/19 62.99.128.0/17 62.99.128.0/18 62.99.192.0/18 62.108.0.0/19 62.108.0.0/20 62.108.16.0/20 62.121.64.0/18 62.121.64.0/19 62.121.96.0/19 62.163.0.0/16 62.163.0.0/17 62.163.128.0/17 62.178.0.0/15 62.178.0.0/16 62.178.0.0/19 62.178.0.0/23 62.178.104.0/23 62.179.0.0/17 62.179.0.0/20 62.179.0.0/21 62.179.8.0/21 62.179.64.0/18 62.179.96.0/19 62.179.96.0/23 62.179.99.0/24 62.179.100.0/23 62.179.104.0/23 62.179.107.0/24 62.179.108.0/24 62.179.123.0/24 62.179.123.0/25 62.179.123.128/25 62.194.0.0/15 62.194.0.0/16 62.195.0.0/16 62.240.160.0/19 62.240.160.0/20 62.240.176.0/20 62.245.64.0/18 77.48.0.0/16 77.48.0.0/17 77.48.128.0/17 77.56.0.0/14 77.56.0.0/15 77.58.0.0/15 77.72.64.0/21 77.87.232.0/21 77.234.56.0/21 77.236.0.0/19 77.236.0.0/20 77.236.16.0/20 77.248.0.0/14 77.248.0.0/15 77.250.0.0/15 78.44.0.0/15 78.44.0.0/16 78.45.0.0/16 78.96.0.0/15 78.102.0.0/15 78.102.0.0/16 78.103.0.0/16 79.97.0.0/16 79.97.0.0/17 79.97.128.0/17 80.56.0.0/15 80.56.0.0/16 80.57.0.0/16 80.57.192.0/18 80.67.144.0/22 80.89.208.0/20 80.98.0.0/15 80.98.0.0/17 80.98.128.0/17 80.99.0.0/16 80.108.0.0/14 80.108.0.0/15 80.108.0.0/16 80.108.0.0/24 80.109.0.0/16 80.109.128.0/18 80.109.240.0/24 80.109.253.0/24 80.110.0.0/16 80.111.0.0/16 80.111.0.0/17 80.111.128.0/17 80.113.0.0/16 80.113.0.0/17 80.113.128.0/17 80.218.0.0/15 81.7.224.0/19 81.18.192.0/20 81.18.192.0/21 81.18.200.0/21 81.18.208.0/20 81.18.208.0/21 81.18.216.0/21 81.27.192.0/20 81.27.192.0/21 81.27.200.0/21 81.89.0.0/20 81.175.64.0/18 81.175.64.0/19 81.175.96.0/19 81.223.0.0/16 81.223.0.0/17 81.223.128.0/17 82.119.96.0/19 82.208.128.0/18 82.210.128.0/18 82.210.128.0/19 82.210.160.0/19 83.64.0.0/15 83.64.0.0/16 83.65.0.0/16 83.103.128.0/17 83.144.64.0/18 83.144.64.0/19 83.144.96.0/19 84.10.0.0/16 84.10.0.0/17 84.10.128.0/17 84.42.128.0/17 84.72.0.0/14 84.112.0.0/13 84.112.0.0/14 84.116.0.0/24 84.116.1.0/24 84.116.2.0/24 84.116.3.0/24 84.117.0.0/16 84.242.64.0/18 84.242.64.0/19 84.242.96.0/19 85.124.0.0/14 85.124.0.0/15 85.126.0.0/15 85.126.0.0/16 85.127.0.0/16 85.158.232.0/21 85.186.0.0/16 85.216.128.0/17 85.222.0.0/17 85.222.0.0/18 85.222.64.0/18 86.49.0.0/16 86.101.0.0/16 86.104.4.0/24 87.206.0.0/15 87.206.0.0/16 87.207.0.0/16 87.236.200.0/21 88.146.128.0/17 88.146.128.0/18 88.146.192.0/18 89.33.72.0/21 89.43.62.0/24 89.43.68.0/23 89.64.0.0/12 89.64.0.0/13 89.72.0.0/13 89.98.0.0/15 89.98.0.0/16 89.99.0.0/16 89.100.0.0/15 89.100.0.0/16 89.101.0.0/16 89.102.0.0/15 89.102.0.0/16 89.103.0.0/16 89.132.0.0/14 89.136.0.0/15 89.173.0.0/16 89.173.0.0/17 89.173.128.0/17 89.176.0.0/15 91.105.216.0/21 91.118.0.0/15 91.118.0.0/16 91.119.0.0/16 91.194.48.0/23 91.197.116.0/22 91.201.148.0/22 91.208.201.0/24 91.209.41.0/24 91.212.121.0/24 91.213.4.0/24 91.213.159.0/24 91.213.194.0/24 91.214.168.0/22 91.217.54.0/23 91.217.96.0/23 91.219.240.0/22 91.220.2.0/24 91.231.28.0/22 91.232.163.0/24 91.236.84.0/22 91.238.60.0/24 91.245.8.0/21 91.247.147.0/24 92.108.0.0/14 92.108.0.0/15 92.110.0.0/15 92.244.32.0/19 92.244.32.0/20 92.244.48.0/20 93.99.0.0/16 93.99.0.0/17 93.99.128.0/17 93.113.157.0/24 94.75.64.0/18 94.75.64.0/19 94.75.96.0/19 94.100.157.0/24 94.100.158.0/23 94.112.0.0/15 94.112.0.0/16 94.113.0.0/16 95.76.0.0/15 95.96.0.0/15 95.96.0.0/16 95.97.0.0/16 109.110.192.0/19 109.110.192.0/20 109.110.208.0/20 109.255.0.0/16 109.255.0.0/17 109.255.128.0/17 130.193.17.0/24 141.170.128.0/18 141.170.128.0/19 141.170.160.0/19 144.194.24.0/21 145.252.0.0/23 176.61.0.0/17 176.61.0.0/18 176.61.64.0/18 176.96.152.0/21 178.17.96.0/20 178.73.0.0/18 178.73.0.0/19 178.73.32.0/19 178.77.192.0/18 178.77.192.0/19 178.77.224.0/19 178.82.0.0/15 178.82.0.0/16 178.83.0.0/16 178.84.0.0/15 178.84.0.0/16 178.85.0.0/16 178.212.254.0/24 178.213.152.0/21 185.26.188.0/22 185.26.188.0/24 185.26.189.0/24 185.26.190.0/24 185.26.191.0/24 185.31.36.0/22 185.32.124.0/22 188.93.160.0/21 188.93.160.0/22 188.93.164.0/22 188.94.232.0/21 188.141.0.0/17 188.141.0.0/18 188.141.64.0/18 188.167.0.0/16 188.167.0.0/17 188.167.128.0/17 192.94.226.0/24 192.102.95.0/24 192.162.248.0/24 193.5.44.0/23 193.5.56.0/23 193.5.121.0/24 193.8.58.0/23 193.8.60.0/24 193.8.170.0/24 193.8.230.0/24 193.36.36.0/24 193.41.90.0/24 193.41.148.0/23 193.46.58.0/23 193.47.104.0/21 193.47.112.0/20 193.47.128.0/21 193.84.112.0/24 193.104.1.0/24 193.104.34.0/24 193.104.55.0/24 193.104.167.0/24 193.111.202.0/23 193.134.252.0/24 193.135.106.0/24 193.135.134.0/23 193.135.134.0/24 193.135.135.0/24 193.164.218.0/23 193.177.176.0/22 193.187.248.0/22 193.187.248.0/24 193.187.249.0/24 193.187.250.0/24 193.187.251.0/24 193.200.78.0/23 193.201.33.0/24 193.223.192.0/19 193.228.93.0/24 193.246.24.0/24 193.246.28.0/24 193.246.106.0/23 193.247.200.0/24 194.11.212.0/23 194.11.212.0/24 194.29.0.0/19 194.33.186.0/24 194.39.132.0/24 194.40.144.0/23 194.40.200.0/22 194.40.244.0/24 194.42.160.0/23 194.48.198.0/24 194.48.203.0/24 194.50.173.0/24 194.53.10.0/24 194.56.178.0/24 194.56.218.0/24 194.56.244.0/24 194.60.81.0/24 194.93.116.0/22 194.102.114.0/24 194.102.199.0/24 194.107.224.0/24 194.113.154.0/24 194.124.145.0/24 194.124.146.0/23 194.124.246.0/24 194.145.157.0/24 194.147.69.0/24 194.147.112.0/24 194.147.234.0/23 195.20.106.0/23 195.20.132.0/24 195.20.208.0/23 195.34.128.0/19 195.34.128.0/20 195.34.130.0/24 195.34.131.0/24 195.34.132.0/24 195.34.133.0/24 195.34.134.0/24 195.34.135.0/24 195.34.144.0/20 195.43.139.0/24 195.58.160.0/19 195.58.160.0/20 195.58.176.0/20 195.66.123.0/24 195.95.162.0/24 195.184.160.0/19 195.200.243.0/24 195.202.192.0/18 195.230.117.0/24 195.234.172.0/24 195.248.73.0/24 195.250.54.0/24 212.17.64.0/18 212.17.64.0/19 212.17.96.0/19 212.41.224.0/19 212.41.224.0/20 212.41.240.0/20 212.47.160.0/19 212.76.32.0/19 212.76.32.0/20 212.76.48.0/20 212.83.64.0/19 212.83.64.0/22 212.83.68.0/22 212.83.72.0/21 212.83.80.0/20 212.142.0.0/18 212.142.0.0/19 212.142.32.0/19 212.178.32.0/19 212.178.32.0/20 212.178.48.0/20 212.186.0.0/16 212.186.0.0/18 212.186.64.0/19 212.186.64.0/20 212.186.80.0/20 212.186.96.0/20 212.186.112.0/21 212.186.120.0/21 212.186.128.0/19 212.186.128.0/20 212.186.144.0/20 212.186.160.0/22 212.186.162.0/24 212.186.168.0/23 212.186.170.0/23 212.186.172.0/22 212.186.176.0/20 212.186.192.0/19 212.186.210.0/24 212.186.211.0/24 212.186.212.0/24 212.186.213.0/24 212.186.224.0/21 212.186.232.0/21 212.186.240.0/20 212.187.0.0/17 212.187.0.0/18 212.187.64.0/18 213.34.0.0/19 213.34.0.0/20 213.34.16.0/20 213.46.0.0/15 213.46.0.0/19 213.46.32.0/20 213.46.48.0/21 213.46.56.0/22 213.46.60.0/22 213.46.60.0/24 213.46.64.0/18 213.46.128.0/19 213.46.160.0/19 213.46.160.0/24 213.46.161.0/24 213.46.163.0/24 213.46.166.0/24 213.46.167.0/24 213.46.172.0/24 213.46.173.0/24 213.46.174.0/24 213.46.176.0/24 213.46.177.0/24 213.46.178.0/24 213.46.179.0/24 213.46.181.0/24 213.46.183.0/24 213.46.190.0/24 213.46.192.0/19 213.46.224.0/19 213.46.243.0/24 213.46.246.0/24 213.46.255.0/24 213.47.0.0/16 213.47.0.0/17 213.47.128.0/17 213.47.192.0/20 213.47.220.0/24 213.47.221.0/24 213.47.222.0/24 213.47.224.0/19 213.93.0.0/16 213.93.0.0/17 213.93.128.0/17 213.108.160.0/21 213.124.160.0/19 213.124.160.0/20 213.124.176.0/20 213.124.192.0/18 213.124.192.0/19 213.124.224.0/19 213.126.128.0/17 213.126.128.0/18 213.126.192.0/18 213.127.0.0/16 213.127.0.0/17 213.127.128.0/17 213.134.160.0/19 213.134.160.0/20 213.134.176.0/20 213.160.192.0/18 213.160.192.0/19 213.160.224.0/19 213.164.224.0/19 213.192.0.0/18 213.192.0.0/19 213.192.32.0/19 213.193.64.0/18 213.220.192.0/18 213.222.128.0/18 213.229.0.0/18 213.229.0.0/19 213.229.32.0/19 217.23.240.0/20 217.24.32.0/20 217.63.128.0/18 217.63.128.0/19 217.63.160.0/19 217.71.240.0/20 217.71.249.0/24 217.71.250.0/23 217.102.0.0/17 217.102.0.0/18 217.102.64.0/18 217.103.0.0/16 217.103.0.0/17 217.103.128.0/17 217.104.128.0/17 217.104.128.0/18 217.104.192.0/18 217.105.0.0/18 217.105.0.0/19 217.105.32.0/19 217.105.224.0/19 217.105.224.0/20 217.105.240.0/20 217.119.64.0/20 217.147.48.0/20 217.156.57.0/24 217.162.0.0/16 217.168.32.0/19 
GTS, 	AS8246, 91.196.28.0/22 91.196.30.0/23 91.196.30.0/24 91.196.31.0/24 195.94.192.0/19 217.8.160.0/19 217.153.0.0/16 
Exatel, 	AS20804, 81.15.128.0/17 81.15.128.0/24 81.15.144.0/20 81.15.160.0/20 81.15.228.0/24 82.177.0.0/16 82.177.0.0/20 82.177.192.0/20 88.220.0.0/16 91.90.73.0/24 91.90.74.0/24 91.90.75.0/24 91.90.76.0/24 91.90.77.0/24 91.90.78.0/24 91.90.79.0/24 91.195.56.0/23 91.195.250.0/23 91.195.250.0/24 91.195.251.0/24 91.207.242.0/23 91.229.42.0/23 91.236.8.0/23 176.109.128.0/21 193.17.223.0/24 193.104.166.0/24 193.239.101.0/24 193.239.102.0/24 193.239.103.0/24 194.183.32.0/19 194.183.56.0/23 194.183.56.0/24 195.136.208.0/21 195.136.216.0/21 195.136.232.0/21 213.172.160.0/19 213.172.160.0/24 213.172.184.0/21 213.172.185.0/24 
CDP, 	AS12968, 62.89.64.0/18 62.111.128.0/17 62.181.160.0/19 85.128.0.0/17 89.22.192.0/21 89.171.0.0/16 91.189.72.0/21 91.196.12.0/22 91.198.121.0/24 91.207.184.0/23 91.207.202.0/23 91.213.107.0/24 91.216.115.0/24 91.231.19.0/24 91.231.20.0/23 93.159.0.0/18 93.159.57.0/24 193.37.139.0/24 193.43.228.0/22 193.58.249.0/24 193.84.71.0/24 193.91.16.0/20 193.138.136.0/24 193.201.136.0/22 193.238.14.0/23 193.238.14.0/24 193.238.15.0/24 193.238.40.0/22 193.239.208.0/23 194.110.238.0/24 194.169.237.0/24 194.187.168.0/22 195.64.150.0/23 195.88.28.0/23 195.160.178.0/23 213.134.128.0/19 
ATMATMAN, 	AS15694, 46.174.168.0/21 46.174.168.0/24 46.229.144.0/20 77.79.192.0/18 85.232.224.0/19 91.185.184.0/21 91.200.32.0/22 91.204.140.0/22 91.205.244.0/22 91.222.184.0/22 91.222.187.0/24 91.227.36.0/22 91.227.40.0/23 91.227.115.0/24 91.227.132.0/23 91.231.36.0/22 91.231.116.0/23 91.232.176.0/24 91.232.176.0/25 91.232.176.128/25 91.235.228.0/23 91.235.228.0/24 91.237.18.0/23 94.232.32.0/21 178.218.224.0/20 185.32.48.0/24 193.16.255.0/24 193.27.82.0/23 193.27.82.0/24 193.27.83.0/24 193.27.198.0/23 193.29.48.0/24 193.33.34.0/23 193.42.211.0/24 193.46.187.0/24 193.107.164.0/23 193.107.166.0/24 193.107.167.0/24 193.150.50.0/23 193.187.53.0/24 193.200.232.0/24 193.200.233.0/24 193.201.34.0/24 193.203.208.0/23 193.222.131.0/24 194.0.154.0/24 194.0.211.0/24 194.1.146.0/24 194.50.83.0/24 194.61.66.0/24 194.88.244.0/24 194.88.245.0/24 194.145.225.0/24 194.145.228.0/24 194.150.230.0/23 194.150.250.0/23 194.169.229.0/24 194.242.104.0/24 194.242.105.0/24 194.242.106.0/24 194.242.107.0/24 195.8.97.0/24 195.85.227.0/24 195.85.227.0/25 195.85.227.128/25 195.137.189.0/24 195.149.198.0/23 195.238.184.0/22 195.242.124.0/23 198.8.136.0/21 198.8.136.0/22 198.8.140.0/22 212.91.0.0/19 212.91.4.0/22 212.91.4.0/24 212.91.10.0/24 212.91.11.0/24 212.91.12.0/24 212.91.16.0/20 213.189.32.0/19 217.17.32.0/20 217.17.38.0/24 217.149.240.0/20 
Aster, 	AS12476, 31.178.0.0/15 31.178.0.0/16 31.179.0.0/16 62.121.64.0/18 62.121.64.0/19 62.121.96.0/19 82.210.128.0/18 82.210.128.0/19 82.210.160.0/19 85.222.0.0/17 85.222.0.0/18 85.222.64.0/18 94.75.64.0/18 94.75.64.0/19 94.75.96.0/19 178.73.0.0/18 178.73.0.0/19 178.73.32.0/19 195.250.54.0/24 212.76.32.0/19 212.76.32.0/20 212.76.48.0/20 
Vectra, 	AS29314, 31.11.128.0/17 31.22.96.0/21 31.22.96.0/22 31.22.100.0/22 37.8.192.0/18 37.77.152.0/21 62.122.112.0/21 77.222.224.0/21 77.222.232.0/21 77.222.240.0/20 78.31.152.0/21 78.88.0.0/17 78.88.0.0/20 78.88.16.0/22 78.88.20.0/23 78.88.22.0/23 78.88.24.0/21 78.88.32.0/21 78.88.40.0/23 78.88.42.0/24 78.88.43.0/24 78.88.44.0/23 78.88.46.0/24 78.88.47.0/24 78.88.48.0/21 78.88.56.0/21 78.88.64.0/21 78.88.72.0/21 78.88.80.0/22 78.88.84.0/22 78.88.88.0/23 78.88.90.0/23 78.88.92.0/24 78.88.93.0/24 78.88.94.0/24 78.88.95.0/24 78.88.96.0/21 78.88.104.0/23 78.88.106.0/23 78.88.108.0/24 78.88.109.0/24 78.88.110.0/23 78.88.112.0/21 78.88.120.0/23 78.88.122.0/24 78.88.123.0/24 78.88.124.0/23 78.88.126.0/24 78.88.127.0/24 78.88.128.0/17 78.88.128.0/22 78.88.132.0/23 78.88.134.0/23 78.88.136.0/21 78.88.144.0/22 78.88.148.0/22 78.88.152.0/22 78.88.156.0/23 78.88.158.0/23 78.88.160.0/21 78.88.168.0/21 78.88.176.0/21 78.88.184.0/21 78.88.192.0/21 78.88.200.0/21 78.88.208.0/21 78.88.216.0/21 78.88.224.0/21 78.88.232.0/23 78.88.234.0/23 78.88.236.0/23 78.88.238.0/24 78.88.239.0/24 78.88.240.0/23 78.88.242.0/23 78.88.244.0/22 78.88.248.0/21 82.139.0.0/18 83.143.40.0/21 83.143.136.0/21 83.243.104.0/21 88.156.0.0/18 88.156.64.0/18 88.156.64.0/24 88.156.65.0/24 88.156.66.0/23 88.156.68.0/24 88.156.69.0/24 88.156.70.0/24 88.156.71.0/24 88.156.72.0/23 88.156.74.0/24 88.156.75.0/24 88.156.76.0/24 88.156.77.0/24 88.156.78.0/23 88.156.78.0/24 88.156.79.0/24 88.156.80.0/20 88.156.83.0/24 88.156.96.0/19 88.156.96.0/24 88.156.97.0/24 88.156.98.0/24 88.156.99.0/24 88.156.100.0/22 88.156.104.0/21 88.156.112.0/20 88.156.128.0/18 88.156.128.0/20 88.156.144.0/20 88.156.160.0/21 88.156.168.0/22 88.156.172.0/24 88.156.173.0/24 88.156.174.0/24 88.156.175.0/24 88.156.176.0/21 88.156.184.0/21 88.156.192.0/18 88.156.192.0/20 88.156.208.0/21 88.156.216.0/23 88.156.218.0/23 88.156.220.0/23 88.156.222.0/24 88.156.223.0/24 88.156.224.0/24 88.156.225.0/24 88.156.226.0/23 88.156.228.0/24 88.156.229.0/24 88.156.230.0/23 88.156.232.0/22 88.156.236.0/22 88.156.240.0/22 88.156.244.0/22 88.156.248.0/22 88.156.252.0/24 88.156.253.0/24 88.156.254.0/24 88.156.255.0/24 91.192.76.0/22 91.226.197.0/24 91.230.159.0/24 91.230.162.0/23 91.230.164.0/22 91.238.232.0/22 93.105.0.0/17 93.105.0.0/23 93.105.2.0/23 93.105.4.0/23 93.105.6.0/24 93.105.7.0/24 93.105.8.0/22 93.105.12.0/23 93.105.14.0/23 93.105.16.0/22 93.105.20.0/22 93.105.24.0/21 93.105.32.0/21 93.105.40.0/24 93.105.41.0/24 93.105.42.0/24 93.105.43.0/24 93.105.44.0/22 93.105.48.0/22 93.105.52.0/22 93.105.56.0/21 93.105.64.0/19 93.105.96.0/20 93.105.112.0/21 93.105.120.0/21 93.105.128.0/17 93.105.128.0/21 93.105.136.0/22 93.105.140.0/23 93.105.142.0/24 93.105.143.0/24 93.105.144.0/21 93.105.152.0/22 93.105.156.0/22 93.105.160.0/21 93.105.168.0/21 93.105.176.0/21 93.105.184.0/22 93.105.188.0/23 93.105.190.0/23 93.105.192.0/20 93.105.208.0/20 93.105.224.0/21 93.105.232.0/22 93.105.236.0/24 93.105.237.0/24 93.105.238.0/24 93.105.239.0/24 93.105.240.0/20 94.231.48.0/20 95.160.0.0/17 95.160.0.0/23 95.160.2.0/23 95.160.4.0/23 95.160.6.0/24 95.160.7.0/24 95.160.8.0/24 95.160.9.0/24 95.160.10.0/24 95.160.11.0/24 95.160.12.0/22 95.160.16.0/22 95.160.20.0/22 95.160.24.0/22 95.160.28.0/22 95.160.32.0/21 95.160.40.0/21 95.160.48.0/23 95.160.50.0/23 95.160.52.0/24 95.160.53.0/24 95.160.54.0/23 95.160.56.0/22 95.160.60.0/22 95.160.64.0/23 95.160.66.0/23 95.160.68.0/24 95.160.69.0/24 95.160.70.0/24 95.160.71.0/24 95.160.72.0/22 95.160.76.0/22 95.160.80.0/21 95.160.88.0/21 95.160.96.0/21 95.160.104.0/21 95.160.112.0/23 95.160.114.0/24 95.160.115.0/24 95.160.116.0/22 95.160.120.0/21 95.160.128.0/17 95.160.128.0/19 95.160.160.0/23 95.160.162.0/23 95.160.164.0/23 95.160.166.0/24 95.160.167.0/24 95.160.168.0/23 95.160.170.0/24 95.160.171.0/24 95.160.172.0/22 95.160.176.0/21 95.160.184.0/21 95.160.192.0/23 95.160.194.0/24 95.160.195.0/24 95.160.196.0/24 95.160.197.0/24 95.160.198.0/23 95.160.200.0/21 95.160.208.0/20 95.160.224.0/24 95.160.225.0/24 95.160.226.0/24 95.160.227.0/24 95.160.228.0/22 95.160.232.0/21 95.160.240.0/20 109.107.0.0/19 109.107.0.0/20 109.107.16.0/21 109.107.24.0/23 109.107.26.0/24 109.107.27.0/24 109.107.28.0/22 109.107.28.0/24 109.107.29.0/24 109.107.30.0/24 109.107.31.0/24 109.197.56.0/21 109.197.64.0/21 109.241.0.0/18 109.241.64.0/18 109.241.128.0/18 109.241.192.0/18 178.235.0.0/17 178.235.128.0/24 178.235.129.0/24 178.235.130.0/24 178.235.131.0/24 178.235.132.0/23 178.235.134.0/24 178.235.135.0/24 178.235.136.0/22 178.235.136.0/23 178.235.138.0/23 178.235.140.0/24 178.235.141.0/24 178.235.142.0/23 178.235.144.0/23 178.235.146.0/24 178.235.147.0/24 178.235.148.0/22 178.235.152.0/21 178.235.160.0/19 178.235.192.0/18 193.106.128.0/22 193.108.228.0/23 193.201.18.0/23 194.54.188.0/22 195.26.72.0/22 195.28.170.0/23 195.95.170.0/24 195.191.162.0/23 195.242.252.0/22 
TelekomunikacjaKolejowa, 	AS20960, 78.131.128.0/17 78.131.140.0/23 78.131.161.0/24 78.131.162.0/24 78.131.175.0/24 78.131.192.0/24 78.131.195.0/24 78.131.236.0/24 78.131.237.0/24 78.131.238.0/24 79.139.68.0/22 82.160.0.0/16 82.160.13.0/24 82.160.14.0/24 82.160.25.0/24 82.160.35.0/24 82.160.36.0/24 82.160.105.0/24 82.160.109.0/24 82.160.120.0/23 88.199.0.0/16 88.199.21.0/24 88.199.26.0/24 88.199.29.0/24 88.199.50.0/23 88.199.63.0/24 88.199.82.0/24 91.196.30.0/24 91.196.31.0/24 94.40.0.0/16 94.40.41.0/24 94.40.42.0/23 94.40.44.0/24 94.40.47.0/24 94.40.52.0/22 94.40.61.0/24 94.40.72.0/22 94.40.76.0/23 94.40.112.0/24 94.40.114.0/24 94.40.115.0/24 94.40.116.0/24 94.40.123.0/24 94.40.224.0/21 94.40.232.0/21 94.40.240.0/21 94.40.248.0/21 193.239.100.0/22 194.28.80.0/22 194.246.98.0/24 213.199.192.0/18 213.199.192.0/20 213.199.208.0/20 213.199.224.0/19 
MultimediaPolska, 	AS21021, 31.6.128.0/18 31.6.192.0/19 31.42.16.0/20 37.131.128.0/19 37.190.128.0/17 46.186.0.0/17 62.61.32.0/19 62.141.192.0/18 80.244.128.0/19 81.190.0.0/16 83.68.64.0/19 84.38.80.0/20 85.117.0.0/19 87.116.192.0/18 89.17.224.0/19 89.228.0.0/16 89.229.0.0/16 89.230.0.0/16 89.231.0.0/16 94.78.128.0/18 94.251.128.0/17 176.221.96.0/19 193.43.240.0/22 193.200.118.0/23 194.116.132.0/23 194.149.240.0/24 195.93.134.0/23 195.93.222.0/23 213.136.224.0/19 217.70.48.0/20 217.75.48.0/20 217.172.224.0/19 
Inea, 	AS13110, 46.228.80.0/20 46.238.64.0/18 62.21.0.0/17 77.65.0.0/17 80.87.32.0/20 85.221.128.0/17 88.151.136.0/21 91.207.186.0/23 91.207.186.0/24 91.207.187.0/24 91.223.196.0/24 91.226.232.0/23 91.230.122.0/24 91.240.152.0/23 94.127.104.0/21 109.173.128.0/17 151.249.80.0/21 192.162.48.0/22 192.162.176.0/22 193.23.54.0/24 193.193.168.0/24 194.24.164.0/23 194.50.155.0/24 195.160.180.0/23 195.160.180.0/24 195.160.181.0/24 
NASK, 	AS8308, 91.217.158.0/24 91.238.85.0/24 192.160.110.0/24 193.23.63.0/24 193.59.0.0/16 193.178.143.0/24 194.92.0.0/16 194.169.220.0/24 194.181.0.0/16 195.164.0.0/16 195.187.0.0/18 195.187.101.0/24 195.187.128.0/17 217.9.160.0/20 
Toya, 	AS16342, 31.182.0.0/15 77.237.0.0/19 85.89.160.0/20 85.89.176.0/20 217.113.224.0/20 
MNITelecom,  	AS24709, 79.139.0.0/21 79.139.65.0/24 79.139.68.0/22 79.139.72.0/21 79.170.120.0/21 79.170.124.0/22 80.240.160.0/19 80.249.0.0/20 80.249.1.0/24 80.249.6.0/24 82.197.32.0/19 82.197.48.0/21 85.112.192.0/19 85.112.208.0/21 87.119.0.0/18 87.119.3.0/24 87.119.63.0/24 91.201.16.0/22 91.201.16.0/23 91.201.16.0/24 91.201.17.0/24 91.201.18.0/23 91.201.18.0/24 91.201.19.0/24 95.178.0.0/22 95.178.4.0/23 95.178.8.0/21 95.178.8.0/22 95.178.12.0/22 95.178.104.0/24 95.178.106.0/23 95.178.108.0/22 95.178.112.0/21 194.150.184.0/23 194.246.106.0/23 195.34.80.0/23 195.69.80.0/22 195.182.54.0/24 203.129.4.0/23 203.129.4.0/24 
Polkomtel, 	AS8374, 5.60.0.0/16 5.172.224.0/19 5.174.0.0/16 31.0.0.0/15 37.7.0.0/16 37.98.208.0/20 37.109.0.0/16 37.152.16.0/20 37.247.128.0/17 37.248.0.0/15 46.76.0.0/15 46.168.0.0/15 46.215.0.0/16 77.112.0.0/14 87.251.224.0/19 92.60.128.0/20 95.40.0.0/15 188.125.32.0/19 212.2.96.0/19 
PolskaTelefoniaCyfrowa, 	AS12912, 37.30.0.0/15 37.30.0.0/16 37.31.0.0/16 46.204.0.0/15 46.204.0.0/16 46.205.0.0/16 62.152.128.0/19 62.152.128.0/20 62.152.144.0/20 83.220.96.0/19 83.220.96.0/20 83.220.112.0/20 83.220.123.0/24 178.180.0.0/14 178.180.0.0/15 178.182.0.0/15 178.182.0.0/16 178.183.160.0/19 178.183.224.0/19 188.146.0.0/15 188.146.0.0/16 188.147.0.0/16 213.158.192.0/19 213.158.201.0/24 
P4, 	AS39603, 5.173.0.0/16 31.174.0.0/15 46.112.0.0/15 89.108.192.0/18 89.108.200.0/21 89.108.208.0/21 94.254.128.0/17 109.243.0.0/16 109.243.128.0/17 164.126.0.0/15 164.126.0.0/16 164.127.0.0/16 188.33.0.0/16 
CyfrowyPolsat1,  AS41476, 79.171.0.0/21 79.171.0.0/22 79.171.0.16/28 79.171.4.0/24 79.171.5.0/24 79.171.6.0/24 193.164.142.0/24 
CyfrowyPolsat2,  AS41004, 193.32.37.0/24 195.95.169.0/24 
Aero2, 	AS15855, 37.209.128.0/19 78.30.64.0/18 84.39.160.0/20 93.154.128.0/17 151.248.32.0/20 185.4.212.0/22 193.41.112.0/23 
Centertel,  	AS43447, 5.184.0.0/16 5.184.0.0/17 5.184.128.0/17 5.185.0.0/18 5.185.0.0/19 5.185.32.0/19 5.185.64.0/18 5.185.128.0/18 5.185.192.0/18 5.185.192.0/20 5.185.208.0/21 5.185.216.0/21 5.185.224.0/19 31.60.0.0/16 31.60.0.0/17 31.60.128.0/17 31.61.0.0/17 31.61.0.0/18 31.61.64.0/18 31.61.64.0/19 31.61.104.0/23 31.61.106.0/23 31.61.108.0/22 31.61.108.0/23 31.61.110.0/23 31.61.112.0/20 31.61.128.0/21 31.61.128.0/24 31.61.129.0/24 31.61.130.0/24 31.61.131.0/24 31.61.132.0/24 31.61.133.0/24 31.61.136.0/24 31.61.137.0/24 31.61.138.0/24 31.61.139.0/24 31.61.140.0/24 31.61.141.0/24 31.61.144.0/20 31.61.144.0/24 31.61.146.0/24 31.61.148.0/24 31.61.160.0/19 31.61.192.0/18 31.62.0.0/16 31.62.0.0/17 31.62.0.0/18 31.62.64.0/18 31.62.128.0/17 31.62.128.0/18 31.62.192.0/18 31.63.0.0/17 31.63.0.0/19 31.63.32.0/20 31.63.48.0/21 31.63.56.0/21 31.63.64.0/19 31.63.96.0/22 31.63.100.0/22 31.63.104.0/21 31.63.112.0/20 31.63.128.0/17 31.63.128.0/18 31.63.192.0/18 37.47.0.0/16 37.47.0.0/17 37.47.128.0/17 37.108.0.0/16 37.108.0.0/17 37.108.0.0/18 37.108.128.0/17 37.225.0.0/16 37.225.0.0/17 37.225.128.0/17 37.228.0.0/18 37.228.0.0/19 37.228.32.0/19 37.228.32.0/21 46.134.0.0/17 46.134.0.0/18 46.134.64.0/18 46.134.128.0/18 46.134.192.0/18 46.134.192.0/19 46.134.224.0/19 79.162.0.0/17 79.162.0.0/18 79.162.64.0/18 79.162.128.0/18 79.162.128.0/22 79.162.132.0/22 79.162.136.0/22 79.162.140.0/22 79.162.144.0/22 79.162.148.0/22 79.162.152.0/22 79.162.156.0/22 79.162.160.0/22 79.162.164.0/22 79.162.168.0/22 79.162.172.0/22 79.162.176.0/22 79.162.180.0/22 79.162.184.0/22 79.162.188.0/22 79.162.192.0/19 79.162.192.0/21 79.162.200.0/21 79.162.208.0/20 79.162.208.0/21 79.162.216.0/21 79.162.224.0/19 79.162.224.0/20 79.162.224.0/21 79.162.232.0/21 79.162.240.0/21 79.162.248.0/21 79.163.0.0/16 79.163.0.0/17 79.163.0.0/18 79.163.64.0/18 79.163.64.0/19 79.163.64.0/20 79.163.64.0/22 79.163.68.0/22 79.163.72.0/21 79.163.72.0/22 79.163.76.0/22 79.163.80.0/20 79.163.80.0/22 79.163.84.0/22 79.163.88.0/22 79.163.92.0/22 79.163.96.0/19 79.163.96.0/22 79.163.100.0/22 79.163.104.0/22 79.163.108.0/22 79.163.112.0/22 79.163.116.0/22 79.163.120.0/22 79.163.124.0/22 79.163.128.0/17 79.163.128.0/18 79.163.128.0/19 79.163.128.0/22 79.163.132.0/22 79.163.136.0/22 79.163.140.0/22 79.163.144.0/22 79.163.148.0/22 79.163.152.0/22 79.163.156.0/22 79.163.160.0/19 79.163.160.0/20 79.163.160.0/22 79.163.164.0/22 79.163.168.0/22 79.163.172.0/22 79.163.176.0/20 79.163.176.0/22 79.163.180.0/22 79.163.184.0/22 79.163.188.0/22 79.163.192.0/18 79.163.192.0/19 79.163.192.0/20 79.163.192.0/22 79.163.196.0/22 79.163.200.0/22 79.163.204.0/22 79.163.208.0/20 79.163.208.0/22 79.163.212.0/22 79.163.216.0/22 79.163.220.0/22 79.163.224.0/20 79.163.224.0/22 79.163.228.0/22 79.163.232.0/22 79.163.236.0/22 79.163.240.0/20 79.163.240.0/22 79.163.244.0/22 79.163.248.0/22 79.163.252.0/22 87.96.0.0/17 87.96.0.0/18 87.96.64.0/19 87.96.96.0/19 87.96.96.0/20 87.96.112.0/20 91.94.0.0/16 91.94.0.0/18 91.94.64.0/19 91.94.96.0/19 91.94.128.0/18 91.94.192.0/18 178.56.0.0/17 178.56.0.0/18 178.56.0.0/19 178.56.32.0/19 178.56.64.0/18 178.56.128.0/18 178.56.128.0/19 178.56.128.0/20 178.56.144.0/21 178.56.152.0/21 178.56.160.0/20 178.56.176.0/20 178.56.176.0/21 178.56.184.0/22 178.56.188.0/22 178.56.192.0/18 188.47.0.0/18 188.47.0.0/20 188.47.16.0/21 188.47.16.0/22 188.47.20.0/22 188.47.24.0/21 188.47.32.0/22 188.47.36.0/22 188.47.40.0/21 188.47.48.0/20 188.47.64.0/18 188.47.64.0/20 188.47.80.0/20 188.47.96.0/20 188.47.112.0/20 188.47.128.0/18 188.47.128.0/20 188.47.144.0/21 188.47.152.0/21 188.47.160.0/19 188.47.192.0/19 188.47.192.0/22 188.47.196.0/22 188.47.200.0/22 188.47.204.0/22 188.47.208.0/22 188.47.212.0/22 188.47.216.0/22 188.47.220.0/22 188.47.224.0/19 217.116.100.0/24 217.116.101.0/24 217.116.102.0/24 217.116.103.0/24 217.116.104.0/24 217.116.110.0/24 
FTOrange,  AS3215, 2.0.0.0/16 2.1.0.0/16 2.2.0.0/16 2.3.0.0/16 2.4.0.0/16 2.5.0.0/16 2.6.0.0/16 2.8.0.0/16 2.9.0.0/16 2.10.0.0/16 2.11.0.0/16 2.12.0.0/16 2.13.0.0/16 2.14.0.0/16 31.44.208.0/24 31.44.209.0/24 62.106.64.0/19 62.160.0.0/15 80.8.0.0/16 80.9.0.0/16 80.10.248.0/21 80.11.0.0/16 80.12.0.0/18 80.12.80.0/20 80.12.99.0/24 80.12.103.0/24 80.12.104.0/21 80.12.108.0/24 80.12.111.0/24 80.12.112.0/20 80.12.128.0/18 80.12.195.0/24 80.12.196.0/22 80.12.197.0/24 80.12.200.0/24 80.13.0.0/16 80.14.0.0/16 80.15.0.0/17 80.15.128.0/18 80.15.192.0/19 81.48.0.0/16 81.49.0.0/17 81.49.128.0/17 81.50.0.0/17 81.50.128.0/17 81.51.0.0/16 81.52.224.0/21 81.52.232.0/22 81.53.0.0/16 81.80.0.0/16 81.248.0.0/16 81.249.0.0/17 81.249.128.0/17 81.250.0.0/16 81.251.0.0/16 81.252.0.0/16 81.255.0.0/16 82.120.0.0/15 82.122.0.0/16 82.123.0.0/16 82.124.0.0/16 82.125.0.0/16 82.126.0.0/16 82.127.0.0/16 83.112.0.0/16 83.113.0.0/16 83.114.0.0/16 83.115.0.0/16 83.192.0.0/16 83.193.0.0/16 83.194.0.0/16 83.195.0.0/16 83.196.0.0/16 83.197.0.0/16 83.198.0.0/16 83.199.0.0/17 83.199.128.0/17 83.200.0.0/17 83.200.128.0/17 83.201.0.0/16 83.202.0.0/17 83.202.128.0/17 83.203.0.0/17 83.203.128.0/17 83.204.0.0/17 83.204.128.0/17 83.205.0.0/16 83.206.0.0/16 86.192.0.0/17 86.192.128.0/17 86.193.0.0/16 86.194.0.0/16 86.195.0.0/16 86.196.0.0/16 86.197.0.0/16 86.198.0.0/17 86.198.128.0/17 86.199.0.0/16 86.200.0.0/16 86.201.0.0/16 86.202.0.0/16 86.203.0.0/16 86.204.0.0/16 86.205.0.0/16 86.206.0.0/16 86.207.0.0/17 86.207.128.0/17 86.208.0.0/16 86.209.0.0/16 86.210.0.0/16 86.211.0.0/16 86.212.0.0/17 86.212.128.0/17 86.213.0.0/17 86.213.128.0/17 86.214.0.0/16 86.215.0.0/17 86.215.128.0/17 86.216.0.0/16 86.217.0.0/17 86.217.128.0/17 86.218.0.0/17 86.218.128.0/17 86.219.0.0/16 86.220.0.0/17 86.220.128.0/17 86.221.0.0/17 86.221.128.0/17 90.0.0.0/16 90.1.0.0/16 90.2.0.0/17 90.2.128.0/17 90.3.0.0/17 90.3.128.0/17 90.4.0.0/16 90.5.0.0/16 90.6.0.0/16 90.7.0.0/16 90.8.0.0/16 90.10.0.0/16 90.11.0.0/16 90.12.0.0/16 90.13.0.0/16 90.14.0.0/16 90.15.0.0/16 90.16.0.0/16 90.17.0.0/17 90.17.128.0/17 90.18.0.0/16 90.19.0.0/16 90.20.0.0/16 90.21.0.0/16 90.22.0.0/16 90.23.0.0/16 90.24.0.0/17 90.24.128.0/17 90.25.0.0/16 90.26.0.0/16 90.27.0.0/16 90.28.0.0/16 90.29.0.0/16 90.30.0.0/16 90.31.0.0/16 90.32.0.0/16 90.33.0.0/16 90.34.0.0/16 90.35.0.0/17 90.35.128.0/17 90.36.0.0/16 90.37.0.0/16 90.38.0.0/16 90.39.0.0/16 90.40.0.0/16 90.41.0.0/16 90.42.0.0/16 90.43.0.0/16 90.43.192.0/18 90.44.0.0/17 90.44.128.0/17 90.45.0.0/16 90.46.0.0/17 90.46.128.0/17 90.47.0.0/16 90.48.0.0/16 90.49.0.0/16 90.50.0.0/16 90.51.0.0/17 90.51.128.0/17 90.52.0.0/16 90.53.0.0/16 90.54.0.0/16 90.55.0.0/16 90.56.0.0/16 90.57.0.0/16 90.58.0.0/16 90.59.0.0/16 90.60.0.0/16 90.61.0.0/17 90.61.128.0/17 90.62.0.0/17 90.62.128.0/17 90.63.0.0/17 90.63.128.0/17 90.63.128.0/18 90.63.192.0/18 90.80.0.0/16 90.83.0.0/16 90.85.0.0/16 91.199.11.0/24 91.230.66.0/23 92.128.0.0/17 92.128.128.0/17 92.129.0.0/16 92.130.0.0/16 92.131.0.0/16 92.132.0.0/17 92.132.128.0/17 92.133.0.0/16 92.134.0.0/16 92.135.0.0/16 92.136.0.0/16 92.137.0.0/16 92.138.0.0/16 92.139.0.0/16 92.140.0.0/17 92.140.128.0/17 92.141.0.0/17 92.141.128.0/17 92.142.0.0/16 92.143.0.0/16 92.144.0.0/16 92.145.0.0/16 92.146.0.0/16 92.147.0.0/16 92.148.0.0/16 92.149.0.0/16 92.150.0.0/16 92.151.0.0/17 92.151.128.0/17 92.152.0.0/17 92.152.128.0/17 92.153.0.0/16 92.154.0.0/17 92.154.128.0/17 92.155.0.0/16 92.156.0.0/16 92.157.0.0/16 92.158.0.0/16 92.159.0.0/17 92.159.128.0/17 92.160.0.0/18 92.160.64.0/18 92.160.128.0/19 92.160.160.0/19 92.160.192.0/18 92.161.0.0/16 92.162.0.0/16 92.163.0.0/17 109.208.0.0/12 109.208.0.0/16 109.209.0.0/17 109.209.128.0/17 109.210.0.0/16 109.211.0.0/16 109.212.0.0/16 109.213.0.0/16 109.214.0.0/16 109.215.0.0/16 109.216.0.0/16 109.217.0.0/16 109.222.0.0/16 109.223.0.0/16 192.134.132.0/24 192.134.133.0/24 192.134.134.0/24 192.134.135.0/24 193.56.172.0/24 193.108.140.0/23 193.108.166.0/23 193.108.216.0/24 193.109.0.0/22 193.221.117.0/24 193.248.0.0/15 193.250.0.0/16 193.251.0.0/18 193.251.64.0/19 193.251.176.0/20 193.251.192.0/20 193.252.0.0/20 193.252.24.0/21 193.252.32.0/19 193.252.96.0/24 193.252.104.0/21 193.252.112.0/28 193.252.114.0/24 193.252.116.0/24 193.252.126.0/24 193.252.164.0/22 193.252.228.0/24 193.252.242.0/23 193.253.32.0/19 193.253.64.0/24 193.253.66.0/23 193.253.68.0/22 193.253.72.0/23 193.253.72.0/24 193.253.96.0/19 193.253.176.0/20 193.253.192.0/18 194.2.0.0/15 194.4.222.0/24 194.5.190.0/23 194.51.0.0/16 194.206.0.0/16 194.250.0.0/16 195.6.0.0/16 195.25.0.0/16 195.101.0.0/16 212.234.0.0/16 213.56.0.0/16 217.108.0.0/15 217.128.0.0/16 217.167.0.0/16 
Free,  AS12322, 62.147.0.0/16 78.192.0.0/10 81.56.0.0/15 82.64.0.0/14 82.142.0.0/18 82.224.0.0/11 83.152.0.0/13 83.214.0.0/16 88.120.0.0/13 88.160.0.0/11 91.160.0.0/12 194.149.160.0/19 212.27.32.0/19 212.62.128.0/18 213.36.0.0/16 213.228.0.0/18 
SFR,  AS29372, 80.125.128.0/18 217.70.80.0/22 217.70.80.0/23 217.70.80.0/24 217.70.81.0/24 217.70.82.0/24 217.70.83.0/24 
BouyguesTelecom,  AS12844, 62.201.128.0/19 80.214.0.0/17 80.214.1.0/24 80.214.128.0/18 80.214.192.0/19 80.214.248.0/21 80.215.0.0/16 94.238.0.0/15 176.128.0.0/10 
Numericable,  AS21502, 62.129.160.0/19 62.241.64.0/19 62.241.96.0/19 80.236.0.0/17 80.236.0.0/18 80.236.6.0/23 80.236.6.0/24 80.236.7.0/24 80.236.64.0/18 80.236.100.0/24 80.236.118.0/23 80.236.118.0/24 80.236.119.0/24 80.236.122.0/23 81.64.0.0/14 81.64.0.0/16 81.65.0.0/16 81.66.0.0/16 81.67.0.0/16 81.220.0.0/16 81.220.0.0/17 81.220.4.0/24 81.220.5.0/24 81.220.6.0/24 81.220.7.0/24 81.220.8.0/22 81.220.8.0/24 81.220.9.0/24 81.220.10.0/24 81.220.11.0/24 81.220.12.0/24 81.220.24.0/21 81.220.25.0/24 81.220.26.0/24 81.220.27.0/24 81.220.28.0/24 81.220.29.0/24 81.220.30.0/24 81.220.31.0/24 81.220.32.0/19 81.220.32.0/24 81.220.33.0/24 81.220.34.0/24 81.220.35.0/24 81.220.36.0/24 81.220.37.0/24 81.220.38.0/24 81.220.39.0/24 81.220.40.0/24 81.220.41.0/24 81.220.43.0/24 81.220.45.0/24 81.220.46.0/24 81.220.47.0/24 81.220.48.0/24 81.220.49.0/24 81.220.50.0/24 81.220.52.0/24 81.220.53.0/24 81.220.54.0/24 81.220.55.0/24 81.220.56.0/24 81.220.57.0/24 81.220.58.0/24 81.220.59.0/24 81.220.60.0/24 81.220.61.0/24 81.220.62.0/24 81.220.63.0/24 81.220.64.0/19 81.220.64.0/24 81.220.65.0/24 81.220.66.0/24 81.220.67.0/24 81.220.68.0/24 81.220.69.0/24 81.220.70.0/24 81.220.71.0/24 81.220.72.0/24 81.220.73.0/24 81.220.74.0/24 81.220.75.0/24 81.220.76.0/24 81.220.77.0/24 81.220.78.0/24 81.220.79.0/24 81.220.80.0/24 81.220.81.0/24 81.220.82.0/24 81.220.83.0/24 81.220.84.0/24 81.220.85.0/24 81.220.86.0/24 81.220.87.0/24 81.220.88.0/24 81.220.89.0/24 81.220.90.0/24 81.220.91.0/24 81.220.92.0/24 81.220.93.0/24 81.220.124.0/22 81.220.124.0/24 81.220.125.0/24 81.220.126.0/24 81.220.127.0/24 81.220.128.0/17 81.220.128.0/20 81.220.128.0/24 81.220.129.0/24 81.220.130.0/24 81.220.131.0/24 81.220.132.0/24 81.220.133.0/24 81.220.134.0/24 81.220.135.0/24 81.220.136.0/24 81.220.137.0/24 81.220.138.0/24 81.220.139.0/24 81.220.140.0/24 81.220.141.0/24 81.220.142.0/24 81.220.143.0/24 81.220.146.0/24 81.220.148.0/24 81.220.150.0/24 81.220.151.0/24 81.220.152.0/21 81.220.152.0/24 81.220.153.0/24 81.220.154.0/24 81.220.155.0/24 81.220.156.0/24 81.220.157.0/24 81.220.158.0/24 81.220.159.0/24 81.220.160.0/22 81.220.160.0/24 81.220.161.0/24 81.220.162.0/24 81.220.163.0/24 81.220.164.0/24 81.220.165.0/24 81.220.166.0/24 81.220.167.0/24 81.220.168.0/21 81.220.168.0/24 81.220.169.0/24 81.220.170.0/24 81.220.171.0/24 81.220.172.0/22 81.220.176.0/23 81.220.179.0/24 81.220.181.0/24 81.220.184.0/22 81.220.184.0/24 81.220.185.0/24 81.220.186.0/24 81.220.187.0/24 81.220.188.0/24 81.220.189.0/24 81.220.190.0/24 81.220.191.0/24 81.220.192.0/20 81.220.192.0/24 81.220.193.0/24 81.220.194.0/24 81.220.195.0/24 81.220.196.0/24 81.220.197.0/24 81.220.198.0/24 81.220.199.0/24 81.220.200.0/24 81.220.201.0/24 81.220.202.0/24 81.220.203.0/24 81.220.204.0/24 81.220.205.0/24 81.220.206.0/24 81.220.207.0/24 81.220.208.0/21 81.220.208.0/24 81.220.209.0/24 81.220.210.0/24 81.220.211.0/24 81.220.212.0/24 81.220.213.0/24 81.220.214.0/24 81.220.215.0/24 81.220.216.0/22 81.220.216.0/24 81.220.217.0/24 81.220.218.0/24 81.220.219.0/24 81.220.220.0/24 81.220.221.0/24 81.220.224.0/21 81.220.224.0/24 81.220.225.0/24 81.220.226.0/24 81.220.227.0/24 81.220.228.0/24 81.220.229.0/24 81.220.230.0/24 81.220.231.0/24 81.220.232.0/24 81.220.233.0/24 81.220.234.0/24 81.220.240.0/22 81.220.241.0/24 81.220.242.0/24 81.220.243.0/24 81.220.248.0/22 81.220.249.0/24 81.220.250.0/24 81.220.251.0/24 81.220.254.0/24 82.216.0.0/16 82.216.0.0/17 82.216.8.0/21 82.216.8.0/24 82.216.9.0/24 82.216.10.0/24 82.216.11.0/24 82.216.12.0/22 82.216.16.0/22 82.216.28.0/24 82.216.29.0/24 82.216.30.0/24 82.216.31.0/24 82.216.32.0/22 82.216.32.0/24 82.216.33.0/24 82.216.34.0/24 82.216.35.0/24 82.216.36.0/24 82.216.37.0/24 82.216.38.0/24 82.216.39.0/24 82.216.40.0/24 82.216.41.0/24 82.216.42.0/24 82.216.43.0/24 82.216.44.0/24 82.216.45.0/24 82.216.46.0/24 82.216.47.0/24 82.216.52.0/22 82.216.56.0/22 82.216.60.0/22 82.216.64.0/22 82.216.72.0/22 82.216.112.0/23 82.216.112.0/24 82.216.113.0/24 82.216.120.0/24 82.216.128.0/17 82.216.176.0/22 82.216.176.0/24 82.216.177.0/24 82.216.184.0/22 82.216.184.0/24 82.216.185.0/24 82.216.186.0/24 82.216.187.0/24 82.216.200.0/22 82.216.200.0/24 82.216.201.0/24 82.216.202.0/24 82.216.203.0/24 82.216.204.0/22 82.216.206.0/24 82.216.207.0/24 82.216.208.0/22 82.216.208.0/24 82.216.209.0/24 82.216.210.0/24 82.216.211.0/24 82.216.212.0/24 82.216.213.0/24 82.216.214.0/24 82.216.215.0/24 82.216.216.0/24 82.216.217.0/24 82.216.218.0/24 82.216.219.0/24 82.216.224.0/24 82.216.225.0/24 82.216.226.0/24 82.216.227.0/24 82.216.228.0/24 82.216.229.0/24 82.216.230.0/24 82.216.231.0/24 82.216.232.0/23 82.216.234.0/23 82.216.244.0/24 82.216.245.0/24 82.216.246.0/24 82.216.247.0/24 82.216.248.0/24 82.216.249.0/24 82.216.250.0/24 82.216.251.0/24 83.141.128.0/17 85.68.0.0/15 85.68.0.0/16 85.69.0.0/16 85.168.0.0/14 85.168.0.0/16 85.169.0.0/16 85.170.0.0/16 85.171.0.0/16 87.231.0.0/16 87.231.0.0/17 87.231.128.0/17 89.2.0.0/15 89.2.0.0/16 89.3.0.0/16 89.156.0.0/14 89.156.0.0/16 89.157.0.0/16 89.157.96.0/19 89.158.0.0/16 89.159.0.0/16 194.169.203.0/24 195.132.0.0/16 195.132.0.0/17 195.132.128.0/17 212.198.0.0/16 212.198.0.0/17 212.198.128.0/17 213.169.160.0/19 213.245.0.0/16 213.245.0.0/17 213.245.128.0/17 
Renater,  AS2200, 81.194.0.0/16 91.236.25.0/24 129.20.0.0/16 129.88.0.0/16 129.102.0.0/16 129.104.0.0/16 129.175.0.0/16 129.199.0.0/16 130.66.0.0/16 130.84.0.0/16 130.120.0.0/16 130.190.0.0/16 131.254.0.0/16 132.149.0.0/16 132.165.0.0/16 132.166.0.0/15 132.168.0.0/15 132.227.0.0/16 134.59.0.0/16 134.157.0.0/16 134.158.0.0/16 134.158.159.0/24 134.206.0.0/16 134.212.0.0/16 134.214.0.0/16 134.246.0.0/16 137.121.0.0/16 138.63.0.0/16 138.96.0.0/16 138.102.0.0/16 139.100.0.0/16 139.124.0.0/16 140.77.0.0/16 140.93.0.0/16 141.115.0.0/16 145.238.0.0/16 146.19.0.0/16 147.94.0.0/16 147.99.0.0/16 147.100.0.0/16 147.127.0.0/16 147.171.0.0/16 147.173.0.0/16 147.210.0.0/16 147.215.0.0/16 147.250.0.0/16 148.60.0.0/16 152.77.0.0/16 152.81.0.0/16 156.18.0.0/16 156.28.128.0/17 157.136.0.0/16 157.159.0.0/16 157.169.0.0/16 159.31.0.0/16 159.84.0.0/16 160.103.0.0/16 160.228.0.0/16 161.3.0.0/16 161.104.0.0/16 161.106.0.0/16 162.38.0.0/16 163.9.0.0/16 163.173.0.0/16 164.81.0.0/16 192.5.59.0/24 192.33.150.0/24 192.33.156.0/24 192.33.158.0/24 192.33.159.0/24 192.33.178.0/24 192.33.182.0/24 192.44.58.0/24 192.44.60.0/24 192.44.75.0/24 192.44.76.0/24 192.44.77.0/24 192.44.78.0/24 192.54.160.0/24 192.54.161.0/24 192.54.174.0/24 192.54.175.0/24 192.54.176.0/24 192.54.190.0/24 192.54.201.0/24 192.54.202.0/24 192.54.205.0/24 192.54.206.0/24 192.54.207.0/24 192.54.208.0/24 192.54.209.0/24 192.54.210.0/24 192.54.215.0/24 192.54.216.0/24 192.54.217.0/24 192.54.218.0/24 192.70.0.0/17 192.93.0.0/16 192.93.0.0/19 192.102.224.0/24 192.108.115.0/24 192.108.116.0/24 192.108.117.0/24 192.108.118.0/24 192.108.119.0/24 192.134.0.0/16 192.144.74.0/24 192.144.76.0/24 192.144.77.0/24 192.190.129.0/24 192.190.130.0/24 192.190.131.0/24 192.190.132.0/24 192.190.233.0/24 192.190.234.0/24 192.190.235.0/24 192.190.236.0/24 193.48.0.0/14 193.48.101.0/24 193.48.161.0/24 193.48.162.0/24 193.49.22.0/24 193.49.230.0/24 193.50.15.0/24 193.50.134.0/24 193.50.222.0/24 193.50.223.0/24 193.50.252.0/24 193.50.253.0/24 193.51.56.0/24 193.51.58.0/24 193.51.118.0/24 193.51.128.48/29 193.51.128.128/25 193.51.134.0/24 193.51.135.0/24 193.51.165.0/24 193.51.169.0/24 193.52.0.0/16 193.52.0.0/24 193.52.1.0/24 193.52.35.0/24 193.52.35.128/25 193.52.68.0/24 193.52.216.0/24 193.52.217.0/24 193.54.0.0/15 193.54.33.0/24 193.54.56.0/24 193.54.136.0/24 193.54.149.0/24 193.54.195.0/24 193.54.225.0/24 193.55.4.0/24 193.55.5.0/25 193.55.5.128/26 193.55.5.192/26 193.56.4.0/22 193.56.108.0/24 193.56.109.0/24 193.56.110.0/24 193.56.111.0/24 193.56.228.0/24 193.56.229.0/24 193.56.230.0/24 194.57.0.0/16 194.57.170.0/24 194.57.183.0/24 194.57.241.0/24 194.167.0.0/16 194.167.15.0/24 194.167.18.0/24 194.167.41.0/24 194.199.0.0/16 194.199.12.0/24 194.199.12.0/26 194.199.12.64/27 194.199.74.0/24 194.199.83.0/24 194.199.84.0/24 194.199.85.0/24 194.199.86.0/24 194.199.87.0/24 194.199.88.0/24 194.199.89.0/24 194.199.90.0/24 194.199.95.0/24 194.199.96.0/24 194.199.97.0/24 194.214.0.0/16 194.214.214.0/24 194.254.0.0/16 194.254.51.0/24 194.254.231.0/24 195.83.0.0/16 195.83.166.0/24 195.83.189.0/24 195.83.190.0/24 195.83.210.0/24 195.83.214.0/24 195.83.214.0/25 195.83.254.0/24 195.98.224.0/19 195.98.226.0/24 195.98.227.0/24 195.98.239.0/24 195.220.0.0/16 195.220.91.0/24 195.221.0.0/16 195.221.157.0/24 195.221.158.0/24 195.221.159.0/24 195.221.160.0/24 195.221.161.0/24 195.221.162.0/24 195.221.202.0/24 195.221.234.0/24 195.221.235.0/24 
Uni2,  AS12479, 62.36.0.0/16 62.36.237.0/24 62.36.238.0/24 62.37.0.0/16 80.102.0.0/15 84.76.32.0/19 84.76.128.0/19 84.77.16.0/20 85.48.0.0/12 90.160.0.0/12 90.160.42.0/24 90.161.43.0/24 92.57.96.0/19 92.57.128.0/17 92.59.0.0/16 
Amena,  AS20921, 83.231.0.0/17 83.231.0.0/21 83.231.8.0/21 83.231.16.0/21 83.231.32.0/24 83.231.33.0/24 83.231.34.0/24 83.231.35.0/24 83.231.40.0/21 83.231.48.0/21 213.143.32.0/19 213.143.32.0/24 213.143.33.0/24 213.143.34.0/24 213.143.36.0/24 213.143.37.0/24 213.143.38.0/24 213.143.39.0/24 213.143.44.0/23 213.143.46.0/23 213.143.48.0/23 213.143.50.0/23 213.143.52.0/24 213.143.53.0/24 213.143.54.0/23 213.143.56.0/23 213.143.58.0/23 213.143.60.0/23 213.143.62.0/23 
Yacom,  AS20838, 62.151.0.0/17 62.151.0.0/19 62.151.32.0/20 62.151.48.0/20 62.151.64.0/20 62.151.80.0/20 62.151.96.0/19 62.151.128.0/17 62.151.128.0/18 62.151.192.0/19 62.151.224.0/20 84.76.0.0/16 84.76.0.0/17 84.76.16.0/20 84.76.32.0/20 84.76.64.0/20 84.76.80.0/20 84.76.128.0/17 84.76.128.0/20 84.76.144.0/20 84.76.160.0/20 84.76.192.0/20 84.76.208.0/20 84.76.224.0/20 84.77.0.0/16 84.77.0.0/17 84.77.0.0/19 84.77.0.0/20 84.77.16.0/20 84.77.32.0/19 84.77.32.0/20 84.77.48.0/20 84.77.64.0/19 84.77.64.0/20 84.77.80.0/20 84.77.96.0/19 84.77.96.0/20 84.77.128.0/17 84.77.128.0/18 84.77.128.0/19 84.77.128.0/20 84.77.144.0/20 84.77.160.0/19 84.77.160.0/20 84.77.176.0/20 84.77.192.0/19 84.77.192.0/20 84.77.208.0/20 84.77.224.0/19 84.77.240.0/20 84.77.255.0/24 84.78.0.0/15 84.78.0.0/16 84.78.0.0/17 84.78.0.0/19 84.78.32.0/20 84.78.48.0/20 84.78.64.0/20 84.78.80.0/20 84.78.96.0/20 84.78.112.0/20 84.78.128.0/17 84.78.128.0/20 84.78.144.0/20 84.78.160.0/20 84.78.176.0/20 84.78.192.0/20 84.78.208.0/20 84.78.224.0/20 84.78.240.0/20 84.79.0.0/16 84.79.0.0/17 84.79.0.0/20 84.79.16.0/20 84.79.32.0/20 84.79.48.0/20 84.79.64.0/20 84.79.80.0/20 84.79.96.0/20 84.79.112.0/20 84.79.128.0/17 84.79.128.0/20 84.79.144.0/20 84.79.160.0/20 84.79.176.0/20 84.79.192.0/20 84.79.208.0/20 84.79.224.0/20 84.79.240.0/20 89.128.0.0/15 89.128.0.0/16 89.128.0.0/17 89.128.0.0/19 89.128.0.0/20 89.128.16.0/20 89.128.32.0/19 89.128.32.0/20 89.128.48.0/20 89.128.64.0/19 89.128.64.0/20 89.128.80.0/20 89.128.96.0/19 89.128.96.0/20 89.128.112.0/20 89.128.128.0/17 89.128.128.0/19 89.128.128.0/20 89.128.144.0/20 89.128.160.0/20 89.128.168.0/21 89.128.176.0/20 89.128.192.0/19 89.128.192.0/20 89.128.208.0/20 89.128.224.0/19 89.128.224.0/20 89.128.240.0/20 89.129.0.0/16 89.129.0.0/17 89.129.0.0/19 89.129.0.0/20 89.129.16.0/20 89.129.32.0/20 89.129.48.0/20 89.129.64.0/20 89.129.80.0/20 89.129.96.0/20 89.129.112.0/20 89.129.128.0/17 89.129.128.0/20 89.129.144.0/20 89.129.160.0/20 89.129.176.0/20 89.129.192.0/20 89.129.208.0/20 89.129.224.0/20 89.129.240.0/20 89.130.0.0/15 89.130.0.0/16 89.130.0.0/17 89.130.0.0/19 89.130.0.0/20 89.130.16.0/20 89.130.32.0/19 89.130.32.0/20 89.130.48.0/20 89.130.64.0/20 89.130.80.0/20 89.130.96.0/20 89.130.112.0/20 89.130.128.0/17 89.130.128.0/20 89.130.144.0/20 89.130.160.0/20 89.130.176.0/21 89.130.184.0/21 89.130.192.0/20 89.130.208.0/21 89.130.216.0/21 89.130.224.0/21 89.130.232.0/21 89.130.240.0/21 89.130.248.0/21 89.131.0.0/16 89.131.0.0/17 89.131.0.0/20 89.131.16.0/20 89.131.32.0/20 89.131.48.0/20 89.131.64.0/20 89.131.80.0/20 89.131.96.0/20 89.131.112.0/20 89.131.128.0/17 89.131.128.0/20 89.131.144.0/20 89.131.160.0/20 89.131.176.0/20 89.131.192.0/20 89.131.208.0/20 89.131.224.0/20 89.131.240.0/20 92.56.0.0/16 92.56.0.0/17 92.56.0.0/18 92.56.0.0/19 92.56.0.0/20 92.56.16.0/20 92.56.32.0/19 92.56.32.0/20 92.56.48.0/20 92.56.64.0/18 92.56.64.0/19 92.56.64.0/20 92.56.80.0/20 92.56.96.0/19 92.56.96.0/20 92.56.112.0/20 92.56.128.0/17 92.56.128.0/18 92.56.128.0/19 92.56.128.0/20 92.56.144.0/20 92.56.160.0/19 92.56.160.0/20 92.56.176.0/20 92.56.192.0/18 92.56.192.0/19 92.56.192.0/20 92.56.208.0/20 92.56.224.0/19 92.56.224.0/20 92.56.240.0/20 92.57.0.0/16 92.57.0.0/17 92.57.0.0/18 92.57.0.0/19 92.57.0.0/20 92.57.16.0/20 92.57.32.0/19 92.57.32.0/20 92.57.48.0/20 92.57.64.0/18 92.57.64.0/19 92.57.64.0/20 92.57.80.0/20 92.57.112.0/20 92.57.144.0/20 92.57.160.0/19 92.57.160.0/20 92.57.176.0/20 92.57.192.0/18 92.57.192.0/19 92.57.192.0/20 92.57.208.0/20 92.57.224.0/19 92.57.224.0/20 92.57.240.0/20 
Albura,  AS24654, 80.251.64.0/20 193.148.96.0/20 217.173.112.0/20 217.173.112.0/21 217.173.120.0/21 