TelekomunikacjaPolska; 	AS5617;5.184.0.0;15
TelekomunikacjaPolska; 	AS5617;5.184.0.0;16
TelekomunikacjaPolska; 	AS5617;31.60.0.0;14
TelekomunikacjaPolska; 	AS5617;31.61.128.0;21
TelekomunikacjaPolska; 	AS5617;31.63.128.0;17
TelekomunikacjaPolska; 	AS5617;37.47.0.0;16
TelekomunikacjaPolska; 	AS5617;37.108.0.0;16
TelekomunikacjaPolska; 	AS5617;37.225.0.0;16
TelekomunikacjaPolska; 	AS5617;37.228.0.0;18
TelekomunikacjaPolska; 	AS5617;46.134.0.0;16
TelekomunikacjaPolska; 	AS5617;46.134.192.0;18
TelekomunikacjaPolska; 	AS5617;46.170.0.0;15
TelekomunikacjaPolska; 	AS5617;79.139.44.0;22
TelekomunikacjaPolska; 	AS5617;79.162.0.0;15
TelekomunikacjaPolska; 	AS5617;79.162.128.0;18
TelekomunikacjaPolska; 	AS5617;79.163.0.0;16
TelekomunikacjaPolska; 	AS5617;79.184.0.0;13
TelekomunikacjaPolska; 	AS5617;79.190.0.0;19
TelekomunikacjaPolska; 	AS5617;80.48.0.0;13
TelekomunikacjaPolska; 	AS5617;80.48.169.0;24
TelekomunikacjaPolska; 	AS5617;83.0.0.0;11
TelekomunikacjaPolska; 	AS5617;83.0.0.0;13
TelekomunikacjaPolska; 	AS5617;83.8.0.0;13
TelekomunikacjaPolska; 	AS5617;83.16.0.0;13
TelekomunikacjaPolska; 	AS5617;83.24.0.0;13
TelekomunikacjaPolska; 	AS5617;87.96.0.0;17
TelekomunikacjaPolska; 	AS5617;91.94.0.0;16
TelekomunikacjaPolska; 	AS5617;91.220.17.0;24
TelekomunikacjaPolska; 	AS5617;95.48.0.0;14
TelekomunikacjaPolska; 	AS5617;95.178.76.0;22
TelekomunikacjaPolska; 	AS5617;95.178.88.0;22
TelekomunikacjaPolska; 	AS5617;176.118.136.0;21
TelekomunikacjaPolska; 	AS5617;178.42.0.0;15
TelekomunikacjaPolska; 	AS5617;178.56.0.0;16
TelekomunikacjaPolska; 	AS5617;188.47.0.0;16
TelekomunikacjaPolska; 	AS5617;188.47.192.0;18
TelekomunikacjaPolska; 	AS5617;193.110.98.0;23
TelekomunikacjaPolska; 	AS5617;193.110.120.0;22
TelekomunikacjaPolska; 	AS5617;194.204.128.0;18
TelekomunikacjaPolska; 	AS5617;195.116.0.0;16
TelekomunikacjaPolska; 	AS5617;195.117.0.0;16
TelekomunikacjaPolska; 	AS5617;195.205.0.0;16
TelekomunikacjaPolska; 	AS5617;212.160.0.0;16
TelekomunikacjaPolska; 	AS5617;212.160.172.0;24
TelekomunikacjaPolska; 	AS5617;212.244.0.0;16
TelekomunikacjaPolska; 	AS5617;213.25.0.0;16
TelekomunikacjaPolska; 	AS5617;213.76.0.0;16
TelekomunikacjaPolska; 	AS5617;213.77.0.0;16
TelekomunikacjaPolska; 	AS5617;213.77.68.0;24
TelekomunikacjaPolska; 	AS5617;213.77.68.192;26
TelekomunikacjaPolska; 	AS5617;217.96.0.0;14
TelekomunikacjaPolska; 	AS5617;217.96.0.0;16
TelekomunikacjaPolska; 	AS5617;217.97.0.0;16
TelekomunikacjaPolska; 	AS5617;217.97.171.0;24
TelekomunikacjaPolska; 	AS5617;217.97.216.0;24
TelekomunikacjaPolska; 	AS5617;217.98.0.0;16
TelekomunikacjaPolska; 	AS5617;217.98.40.0;24
TelekomunikacjaPolska; 	AS5617;217.98.41.0;24
TelekomunikacjaPolska; 	AS5617;217.98.42.0;24
TelekomunikacjaPolska; 	AS5617;217.98.43.0;24
TelekomunikacjaPolska; 	AS5617;217.99.0.0;16
TelekomunikacjaPolska; 	AS5617;217.116.100.0;22
Netia; 	AS12741;5.226.64.0;18
Netia; 	AS12741;31.41.144.0;21
Netia; 	AS12741;31.131.48.0;20
Netia; 	AS12741;37.128.0.0;17
Netia; 	AS12741;46.151.72.0;21
Netia; 	AS12741;46.175.14.0;23
Netia; 	AS12741;46.235.120.0;21
Netia; 	AS12741;62.87.128.0;17
Netia; 	AS12741;62.87.128.0;24
Netia; 	AS12741;62.87.130.0;24
Netia; 	AS12741;62.87.136.0;24
Netia; 	AS12741;62.87.137.0;24
Netia; 	AS12741;62.87.152.0;24
Netia; 	AS12741;62.87.161.0;24
Netia; 	AS12741;62.87.168.0;24
Netia; 	AS12741;62.87.176.0;24
Netia; 	AS12741;62.87.192.0;24
Netia; 	AS12741;62.87.193.0;24
Netia; 	AS12741;62.87.244.0;24
Netia; 	AS12741;62.87.245.0;24
Netia; 	AS12741;62.87.253.0;24
Netia; 	AS12741;62.87.254.0;24
Netia; 	AS12741;62.111.250.0;24
Netia; 	AS12741;62.148.64.0;19
Netia; 	AS12741;62.233.128.0;17
Netia; 	AS12741;62.233.144.0;24
Netia; 	AS12741;62.244.128.0;19
Netia; 	AS12741;77.252.0.0;14
Netia; 	AS12741;77.252.229.0;24
Netia; 	AS12741;77.253.0.0;16
Netia; 	AS12741;77.253.80.0;20
Netia; 	AS12741;77.253.96.0;19
Netia; 	AS12741;77.254.0.0;16
Netia; 	AS12741;77.255.0.0;16
Netia; 	AS12741;78.8.0.0;14
Netia; 	AS12741;78.9.160.0;22
Netia; 	AS12741;78.31.88.0;21
Netia; 	AS12741;81.168.128.0;17
Netia; 	AS12741;81.210.0.0;17
Netia; 	AS12741;81.219.0.0;16
Netia; 	AS12741;83.238.0.0;16
Netia; 	AS12741;84.38.96.0;20
Netia; 	AS12741;84.40.128.0;17
Netia; 	AS12741;87.105.0.0;16
Netia; 	AS12741;87.204.0.0;15
Netia; 	AS12741;87.205.32.0;21
Netia; 	AS12741;87.205.160.0;20
Netia; 	AS12741;87.205.192.0;20
Netia; 	AS12741;87.205.240.0;20
Netia; 	AS12741;87.239.88.0;22
Netia; 	AS12741;89.171.17.0;24
Netia; 	AS12741;89.171.96.0;22
Netia; 	AS12741;89.171.224.0;20
Netia; 	AS12741;89.171.240.0;23
Netia; 	AS12741;89.174.31.0;24
Netia; 	AS12741;89.200.152.0;21
Netia; 	AS12741;91.189.136.0;21
Netia; 	AS12741;91.193.84.0;22
Netia; 	AS12741;91.198.94.0;24
Netia; 	AS12741;91.202.100.0;22
Netia; 	AS12741;91.202.192.0;22
Netia; 	AS12741;91.203.16.0;22
Netia; 	AS12741;91.206.6.0;23
Netia; 	AS12741;91.207.184.0;23
Netia; 	AS12741;91.208.78.0;24
Netia; 	AS12741;91.210.12.0;22
Netia; 	AS12741;91.212.127.0;24
Netia; 	AS12741;91.213.108.0;24
Netia; 	AS12741;91.222.56.0;22
Netia; 	AS12741;91.222.56.0;24
Netia; 	AS12741;91.223.119.0;24
Netia; 	AS12741;91.227.63.0;24
Netia; 	AS12741;91.227.64.0;22
Netia; 	AS12741;91.231.248.0;22
Netia; 	AS12741;91.232.44.0;23
Netia; 	AS12741;91.235.0.0;23
Netia; 	AS12741;91.235.16.0;22
Netia; 	AS12741;91.235.149.0;24
Netia; 	AS12741;91.235.152.0;22
Netia; 	AS12741;91.235.204.0;22
Netia; 	AS12741;91.235.238.0;23
Netia; 	AS12741;91.237.136.0;23
Netia; 	AS12741;91.238.60.0;24
Netia; 	AS12741;91.238.107.0;24
Netia; 	AS12741;91.238.178.0;23
Netia; 	AS12741;91.239.113.0;24
Netia; 	AS12741;91.239.114.0;23
Netia; 	AS12741;91.239.116.0;22
Netia; 	AS12741;91.239.120.0;24
Netia; 	AS12741;91.241.60.0;22
Netia; 	AS12741;91.247.147.0;24
Netia; 	AS12741;93.157.152.0;21
Netia; 	AS12741;95.178.80.0;21
Netia; 	AS12741;139.181.144.0;22
Netia; 	AS12741;159.205.0.0;16
Netia; 	AS12741;176.101.128.0;20
Netia; 	AS12741;176.107.104.0;21
Netia; 	AS12741;176.107.168.0;21
Netia; 	AS12741;178.16.116.0;24
Netia; 	AS12741;178.16.121.0;24
Netia; 	AS12741;178.36.0.0;15
Netia; 	AS12741;178.252.0.0;22
Netia; 	AS12741;178.252.4.0;23
Netia; 	AS12741;178.252.11.0;24
Netia; 	AS12741;178.252.12.0;23
Netia; 	AS12741;192.55.109.0;24
Netia; 	AS12741;192.156.102.0;24
Netia; 	AS12741;193.23.63.0;24
Netia; 	AS12741;193.24.14.0;24
Netia; 	AS12741;193.43.12.0;23
Netia; 	AS12741;193.84.29.0;24
Netia; 	AS12741;193.105.24.0;24
Netia; 	AS12741;193.218.126.0;23
Netia; 	AS12741;194.29.180.0;22
Netia; 	AS12741;194.31.32.0;22
Netia; 	AS12741;194.33.76.0;23
Netia; 	AS12741;194.33.111.0;24
Netia; 	AS12741;194.42.110.0;23
Netia; 	AS12741;194.88.224.0;23
Netia; 	AS12741;194.93.124.0;23
Netia; 	AS12741;194.93.126.0;23
Netia; 	AS12741;194.93.126.0;25
Netia; 	AS12741;194.93.126.128;25
Netia; 	AS12741;194.93.127.0;25
Netia; 	AS12741;194.93.127.128;25
Netia; 	AS12741;194.106.200.0;23
Netia; 	AS12741;194.110.116.0;24
Netia; 	AS12741;194.152.53.0;24
Netia; 	AS12741;195.20.138.0;24
Netia; 	AS12741;195.43.142.0;24
Netia; 	AS12741;195.47.227.0;24
Netia; 	AS12741;195.47.246.0;24
Netia; 	AS12741;195.114.160.0;19
Netia; 	AS12741;195.225.70.0;23
Netia; 	AS12741;195.234.63.0;24
Netia; 	AS12741;195.238.228.0;24
Netia; 	AS12741;195.248.88.0;24
Netia; 	AS12741;212.106.0.0;19
Netia; 	AS12741;213.17.128.0;17
Netia; 	AS12741;213.146.32.0;19
Netia; 	AS12741;213.186.64.0;19
Netia; 	AS12741;213.195.128.0;18
Netia; 	AS12741;213.216.64.0;18
Netia; 	AS12741;213.238.64.0;18
Netia; 	AS12741;213.241.0.0;17
Netia; 	AS12741;217.30.128.0;19
Netia; 	AS12741;217.30.128.0;20
Netia; 	AS12741;217.30.144.0;21
Netia; 	AS12741;217.30.152.0;21
Netia; 	AS12741;217.30.152.0;22
UPC; 	AS6830;24.132.0.0;16
UPC; 	AS6830;24.132.0.0;17
UPC; 	AS6830;24.132.12.0;22
UPC; 	AS6830;24.132.128.0;17
UPC; 	AS6830;31.10.128.0;17
UPC; 	AS6830;31.151.0.0;16
UPC; 	AS6830;31.151.0.0;17
UPC; 	AS6830;31.151.128.0;17
UPC; 	AS6830;31.178.0.0;15
UPC; 	AS6830;31.178.0.0;16
UPC; 	AS6830;31.179.0.0;16
UPC; 	AS6830;31.186.192.0;19
UPC; 	AS6830;31.186.192.0;20
UPC; 	AS6830;31.186.208.0;20
UPC; 	AS6830;31.187.0.0;18
UPC; 	AS6830;31.187.0.0;19
UPC; 	AS6830;31.187.32.0;19
UPC; 	AS6830;37.61.184.0;21
UPC; 	AS6830;37.77.224.0;19
UPC; 	AS6830;37.228.192.0;18
UPC; 	AS6830;37.228.192.0;19
UPC; 	AS6830;37.228.224.0;19
UPC; 	AS6830;46.7.0.0;16
UPC; 	AS6830;46.7.0.0;17
UPC; 	AS6830;46.7.128.0;17
UPC; 	AS6830;46.126.0.0;15
UPC; 	AS6830;46.126.0.0;16
UPC; 	AS6830;46.127.0.0;16
UPC; 	AS6830;46.129.0.0;16
UPC; 	AS6830;46.129.0.0;17
UPC; 	AS6830;46.129.128.0;17
UPC; 	AS6830;46.140.0.0;16
UPC; 	AS6830;46.140.0.0;17
UPC; 	AS6830;46.140.128.0;17
UPC; 	AS6830;46.167.192.0;18
UPC; 	AS6830;46.167.192.0;19
UPC; 	AS6830;46.167.224.0;19
UPC; 	AS6830;46.174.16.0;21
UPC; 	AS6830;46.183.64.0;21
UPC; 	AS6830;62.2.0.0;16
UPC; 	AS6830;62.24.64.0;19
UPC; 	AS6830;62.99.128.0;17
UPC; 	AS6830;62.99.128.0;18
UPC; 	AS6830;62.99.192.0;18
UPC; 	AS6830;62.108.0.0;19
UPC; 	AS6830;62.108.0.0;20
UPC; 	AS6830;62.108.16.0;20
UPC; 	AS6830;62.121.64.0;18
UPC; 	AS6830;62.121.64.0;19
UPC; 	AS6830;62.121.96.0;19
UPC; 	AS6830;62.163.0.0;16
UPC; 	AS6830;62.163.0.0;17
UPC; 	AS6830;62.163.128.0;17
UPC; 	AS6830;62.178.0.0;15
UPC; 	AS6830;62.178.0.0;16
UPC; 	AS6830;62.178.0.0;19
UPC; 	AS6830;62.178.0.0;23
UPC; 	AS6830;62.178.104.0;23
UPC; 	AS6830;62.179.0.0;17
UPC; 	AS6830;62.179.0.0;20
UPC; 	AS6830;62.179.0.0;21
UPC; 	AS6830;62.179.8.0;21
UPC; 	AS6830;62.179.64.0;18
UPC; 	AS6830;62.179.96.0;19
UPC; 	AS6830;62.179.96.0;23
UPC; 	AS6830;62.179.99.0;24
UPC; 	AS6830;62.179.100.0;23
UPC; 	AS6830;62.179.104.0;23
UPC; 	AS6830;62.179.107.0;24
UPC; 	AS6830;62.179.108.0;24
UPC; 	AS6830;62.179.123.0;24
UPC; 	AS6830;62.179.123.0;25
UPC; 	AS6830;62.179.123.128;25
UPC; 	AS6830;62.194.0.0;15
UPC; 	AS6830;62.194.0.0;16
UPC; 	AS6830;62.195.0.0;16
UPC; 	AS6830;62.240.160.0;19
UPC; 	AS6830;62.240.160.0;20
UPC; 	AS6830;62.240.176.0;20
UPC; 	AS6830;62.245.64.0;18
UPC; 	AS6830;77.48.0.0;16
UPC; 	AS6830;77.48.0.0;17
UPC; 	AS6830;77.48.128.0;17
UPC; 	AS6830;77.56.0.0;14
UPC; 	AS6830;77.56.0.0;15
UPC; 	AS6830;77.58.0.0;15
UPC; 	AS6830;77.72.64.0;21
UPC; 	AS6830;77.87.232.0;21
UPC; 	AS6830;77.234.56.0;21
UPC; 	AS6830;77.236.0.0;19
UPC; 	AS6830;77.236.0.0;20
UPC; 	AS6830;77.236.16.0;20
UPC; 	AS6830;77.248.0.0;14
UPC; 	AS6830;77.248.0.0;15
UPC; 	AS6830;77.250.0.0;15
UPC; 	AS6830;78.44.0.0;15
UPC; 	AS6830;78.44.0.0;16
UPC; 	AS6830;78.45.0.0;16
UPC; 	AS6830;78.96.0.0;15
UPC; 	AS6830;78.102.0.0;15
UPC; 	AS6830;78.102.0.0;16
UPC; 	AS6830;78.103.0.0;16
UPC; 	AS6830;79.97.0.0;16
UPC; 	AS6830;79.97.0.0;17
UPC; 	AS6830;79.97.128.0;17
UPC; 	AS6830;80.56.0.0;15
UPC; 	AS6830;80.56.0.0;16
UPC; 	AS6830;80.57.0.0;16
UPC; 	AS6830;80.57.192.0;18
UPC; 	AS6830;80.67.144.0;22
UPC; 	AS6830;80.89.208.0;20
UPC; 	AS6830;80.98.0.0;15
UPC; 	AS6830;80.98.0.0;17
UPC; 	AS6830;80.98.128.0;17
UPC; 	AS6830;80.99.0.0;16
UPC; 	AS6830;80.108.0.0;14
UPC; 	AS6830;80.108.0.0;15
UPC; 	AS6830;80.108.0.0;16
UPC; 	AS6830;80.108.0.0;24
UPC; 	AS6830;80.109.0.0;16
UPC; 	AS6830;80.109.128.0;18
UPC; 	AS6830;80.109.240.0;24
UPC; 	AS6830;80.109.253.0;24
UPC; 	AS6830;80.110.0.0;16
UPC; 	AS6830;80.111.0.0;16
UPC; 	AS6830;80.111.0.0;17
UPC; 	AS6830;80.111.128.0;17
UPC; 	AS6830;80.113.0.0;16
UPC; 	AS6830;80.113.0.0;17
UPC; 	AS6830;80.113.128.0;17
UPC; 	AS6830;80.218.0.0;15
UPC; 	AS6830;81.7.224.0;19
UPC; 	AS6830;81.18.192.0;20
UPC; 	AS6830;81.18.192.0;21
UPC; 	AS6830;81.18.200.0;21
UPC; 	AS6830;81.18.208.0;20
UPC; 	AS6830;81.18.208.0;21
UPC; 	AS6830;81.18.216.0;21
UPC; 	AS6830;81.27.192.0;20
UPC; 	AS6830;81.27.192.0;21
UPC; 	AS6830;81.27.200.0;21
UPC; 	AS6830;81.89.0.0;20
UPC; 	AS6830;81.175.64.0;18
UPC; 	AS6830;81.175.64.0;19
UPC; 	AS6830;81.175.96.0;19
UPC; 	AS6830;81.223.0.0;16
UPC; 	AS6830;81.223.0.0;17
UPC; 	AS6830;81.223.128.0;17
UPC; 	AS6830;82.119.96.0;19
UPC; 	AS6830;82.208.128.0;18
UPC; 	AS6830;82.210.128.0;18
UPC; 	AS6830;82.210.128.0;19
UPC; 	AS6830;82.210.160.0;19
UPC; 	AS6830;83.64.0.0;15
UPC; 	AS6830;83.64.0.0;16
UPC; 	AS6830;83.65.0.0;16
UPC; 	AS6830;83.103.128.0;17
UPC; 	AS6830;83.144.64.0;18
UPC; 	AS6830;83.144.64.0;19
UPC; 	AS6830;83.144.96.0;19
UPC; 	AS6830;84.10.0.0;16
UPC; 	AS6830;84.10.0.0;17
UPC; 	AS6830;84.10.128.0;17
UPC; 	AS6830;84.42.128.0;17
UPC; 	AS6830;84.72.0.0;14
UPC; 	AS6830;84.112.0.0;13
UPC; 	AS6830;84.112.0.0;14
UPC; 	AS6830;84.116.0.0;24
UPC; 	AS6830;84.116.1.0;24
UPC; 	AS6830;84.116.2.0;24
UPC; 	AS6830;84.116.3.0;24
UPC; 	AS6830;84.117.0.0;16
UPC; 	AS6830;84.242.64.0;18
UPC; 	AS6830;84.242.64.0;19
UPC; 	AS6830;84.242.96.0;19
UPC; 	AS6830;85.124.0.0;14
UPC; 	AS6830;85.124.0.0;15
UPC; 	AS6830;85.126.0.0;15
UPC; 	AS6830;85.126.0.0;16
UPC; 	AS6830;85.127.0.0;16
UPC; 	AS6830;85.158.232.0;21
UPC; 	AS6830;85.186.0.0;16
UPC; 	AS6830;85.216.128.0;17
UPC; 	AS6830;85.222.0.0;17
UPC; 	AS6830;85.222.0.0;18
UPC; 	AS6830;85.222.64.0;18
UPC; 	AS6830;86.49.0.0;16
UPC; 	AS6830;86.101.0.0;16
UPC; 	AS6830;86.104.4.0;24
UPC; 	AS6830;87.206.0.0;15
UPC; 	AS6830;87.206.0.0;16
UPC; 	AS6830;87.207.0.0;16
UPC; 	AS6830;87.236.200.0;21
UPC; 	AS6830;88.146.128.0;17
UPC; 	AS6830;88.146.128.0;18
UPC; 	AS6830;88.146.192.0;18
UPC; 	AS6830;89.33.72.0;21
UPC; 	AS6830;89.43.62.0;24
UPC; 	AS6830;89.43.68.0;23
UPC; 	AS6830;89.64.0.0;12
UPC; 	AS6830;89.64.0.0;13
UPC; 	AS6830;89.72.0.0;13
UPC; 	AS6830;89.98.0.0;15
UPC; 	AS6830;89.98.0.0;16
UPC; 	AS6830;89.99.0.0;16
UPC; 	AS6830;89.100.0.0;15
UPC; 	AS6830;89.100.0.0;16
UPC; 	AS6830;89.101.0.0;16
UPC; 	AS6830;89.102.0.0;15
UPC; 	AS6830;89.102.0.0;16
UPC; 	AS6830;89.103.0.0;16
UPC; 	AS6830;89.132.0.0;14
UPC; 	AS6830;89.136.0.0;15
UPC; 	AS6830;89.173.0.0;16
UPC; 	AS6830;89.173.0.0;17
UPC; 	AS6830;89.173.128.0;17
UPC; 	AS6830;89.176.0.0;15
UPC; 	AS6830;91.105.216.0;21
UPC; 	AS6830;91.118.0.0;15
UPC; 	AS6830;91.118.0.0;16
UPC; 	AS6830;91.119.0.0;16
UPC; 	AS6830;91.194.48.0;23
UPC; 	AS6830;91.197.116.0;22
UPC; 	AS6830;91.201.148.0;22
UPC; 	AS6830;91.208.201.0;24
UPC; 	AS6830;91.209.41.0;24
UPC; 	AS6830;91.212.121.0;24
UPC; 	AS6830;91.213.4.0;24
UPC; 	AS6830;91.213.159.0;24
UPC; 	AS6830;91.213.194.0;24
UPC; 	AS6830;91.214.168.0;22
UPC; 	AS6830;91.217.54.0;23
UPC; 	AS6830;91.217.96.0;23
UPC; 	AS6830;91.219.240.0;22
UPC; 	AS6830;91.220.2.0;24
UPC; 	AS6830;91.231.28.0;22
UPC; 	AS6830;91.232.163.0;24
UPC; 	AS6830;91.236.84.0;22
UPC; 	AS6830;91.238.60.0;24
UPC; 	AS6830;91.245.8.0;21
UPC; 	AS6830;91.247.147.0;24
UPC; 	AS6830;92.108.0.0;14
UPC; 	AS6830;92.108.0.0;15
UPC; 	AS6830;92.110.0.0;15
UPC; 	AS6830;92.244.32.0;19
UPC; 	AS6830;92.244.32.0;20
UPC; 	AS6830;92.244.48.0;20
UPC; 	AS6830;93.99.0.0;16
UPC; 	AS6830;93.99.0.0;17
UPC; 	AS6830;93.99.128.0;17
UPC; 	AS6830;93.113.157.0;24
UPC; 	AS6830;94.75.64.0;18
UPC; 	AS6830;94.75.64.0;19
UPC; 	AS6830;94.75.96.0;19
UPC; 	AS6830;94.100.157.0;24
UPC; 	AS6830;94.100.158.0;23
UPC; 	AS6830;94.112.0.0;15
UPC; 	AS6830;94.112.0.0;16
UPC; 	AS6830;94.113.0.0;16
UPC; 	AS6830;95.76.0.0;15
UPC; 	AS6830;95.96.0.0;15
UPC; 	AS6830;95.96.0.0;16
UPC; 	AS6830;95.97.0.0;16
UPC; 	AS6830;109.110.192.0;19
UPC; 	AS6830;109.110.192.0;20
UPC; 	AS6830;109.110.208.0;20
UPC; 	AS6830;109.255.0.0;16
UPC; 	AS6830;109.255.0.0;17
UPC; 	AS6830;109.255.128.0;17
UPC; 	AS6830;130.193.17.0;24
UPC; 	AS6830;141.170.128.0;18
UPC; 	AS6830;141.170.128.0;19
UPC; 	AS6830;141.170.160.0;19
UPC; 	AS6830;144.194.24.0;21
UPC; 	AS6830;145.252.0.0;23
UPC; 	AS6830;176.61.0.0;17
UPC; 	AS6830;176.61.0.0;18
UPC; 	AS6830;176.61.64.0;18
UPC; 	AS6830;176.96.152.0;21
UPC; 	AS6830;178.17.96.0;20
UPC; 	AS6830;178.73.0.0;18
UPC; 	AS6830;178.73.0.0;19
UPC; 	AS6830;178.73.32.0;19
UPC; 	AS6830;178.77.192.0;18
UPC; 	AS6830;178.77.192.0;19
UPC; 	AS6830;178.77.224.0;19
UPC; 	AS6830;178.82.0.0;15
UPC; 	AS6830;178.82.0.0;16
UPC; 	AS6830;178.83.0.0;16
UPC; 	AS6830;178.84.0.0;15
UPC; 	AS6830;178.84.0.0;16
UPC; 	AS6830;178.85.0.0;16
UPC; 	AS6830;178.212.254.0;24
UPC; 	AS6830;178.213.152.0;21
UPC; 	AS6830;185.26.188.0;22
UPC; 	AS6830;185.26.188.0;24
UPC; 	AS6830;185.26.189.0;24
UPC; 	AS6830;185.26.190.0;24
UPC; 	AS6830;185.26.191.0;24
UPC; 	AS6830;185.31.36.0;22
UPC; 	AS6830;185.32.124.0;22
UPC; 	AS6830;188.93.160.0;21
UPC; 	AS6830;188.93.160.0;22
UPC; 	AS6830;188.93.164.0;22
UPC; 	AS6830;188.94.232.0;21
UPC; 	AS6830;188.141.0.0;17
UPC; 	AS6830;188.141.0.0;18
UPC; 	AS6830;188.141.64.0;18
UPC; 	AS6830;188.167.0.0;16
UPC; 	AS6830;188.167.0.0;17
UPC; 	AS6830;188.167.128.0;17
UPC; 	AS6830;192.94.226.0;24
UPC; 	AS6830;192.102.95.0;24
UPC; 	AS6830;192.162.248.0;24
UPC; 	AS6830;193.5.44.0;23
UPC; 	AS6830;193.5.56.0;23
UPC; 	AS6830;193.5.121.0;24
UPC; 	AS6830;193.8.58.0;23
UPC; 	AS6830;193.8.60.0;24
UPC; 	AS6830;193.8.170.0;24
UPC; 	AS6830;193.8.230.0;24
UPC; 	AS6830;193.36.36.0;24
UPC; 	AS6830;193.41.90.0;24
UPC; 	AS6830;193.41.148.0;23
UPC; 	AS6830;193.46.58.0;23
UPC; 	AS6830;193.47.104.0;21
UPC; 	AS6830;193.47.112.0;20
UPC; 	AS6830;193.47.128.0;21
UPC; 	AS6830;193.84.112.0;24
UPC; 	AS6830;193.104.1.0;24
UPC; 	AS6830;193.104.34.0;24
UPC; 	AS6830;193.104.55.0;24
UPC; 	AS6830;193.104.167.0;24
UPC; 	AS6830;193.111.202.0;23
UPC; 	AS6830;193.134.252.0;24
UPC; 	AS6830;193.135.106.0;24
UPC; 	AS6830;193.135.134.0;23
UPC; 	AS6830;193.135.134.0;24
UPC; 	AS6830;193.135.135.0;24
UPC; 	AS6830;193.164.218.0;23
UPC; 	AS6830;193.177.176.0;22
UPC; 	AS6830;193.187.248.0;22
UPC; 	AS6830;193.187.248.0;24
UPC; 	AS6830;193.187.249.0;24
UPC; 	AS6830;193.187.250.0;24
UPC; 	AS6830;193.187.251.0;24
UPC; 	AS6830;193.200.78.0;23
UPC; 	AS6830;193.201.33.0;24
UPC; 	AS6830;193.223.192.0;19
UPC; 	AS6830;193.228.93.0;24
UPC; 	AS6830;193.246.24.0;24
UPC; 	AS6830;193.246.28.0;24
UPC; 	AS6830;193.246.106.0;23
UPC; 	AS6830;193.247.200.0;24
UPC; 	AS6830;194.11.212.0;23
UPC; 	AS6830;194.11.212.0;24
UPC; 	AS6830;194.29.0.0;19
UPC; 	AS6830;194.33.186.0;24
UPC; 	AS6830;194.39.132.0;24
UPC; 	AS6830;194.40.144.0;23
UPC; 	AS6830;194.40.200.0;22
UPC; 	AS6830;194.40.244.0;24
UPC; 	AS6830;194.42.160.0;23
UPC; 	AS6830;194.48.198.0;24
UPC; 	AS6830;194.48.203.0;24
UPC; 	AS6830;194.50.173.0;24
UPC; 	AS6830;194.53.10.0;24
UPC; 	AS6830;194.56.178.0;24
UPC; 	AS6830;194.56.218.0;24
UPC; 	AS6830;194.56.244.0;24
UPC; 	AS6830;194.60.81.0;24
UPC; 	AS6830;194.93.116.0;22
UPC; 	AS6830;194.102.114.0;24
UPC; 	AS6830;194.102.199.0;24
UPC; 	AS6830;194.107.224.0;24
UPC; 	AS6830;194.113.154.0;24
UPC; 	AS6830;194.124.145.0;24
UPC; 	AS6830;194.124.146.0;23
UPC; 	AS6830;194.124.246.0;24
UPC; 	AS6830;194.145.157.0;24
UPC; 	AS6830;194.147.69.0;24
UPC; 	AS6830;194.147.112.0;24
UPC; 	AS6830;194.147.234.0;23
UPC; 	AS6830;195.20.106.0;23
UPC; 	AS6830;195.20.132.0;24
UPC; 	AS6830;195.20.208.0;23
UPC; 	AS6830;195.34.128.0;19
UPC; 	AS6830;195.34.128.0;20
UPC; 	AS6830;195.34.130.0;24
UPC; 	AS6830;195.34.131.0;24
UPC; 	AS6830;195.34.132.0;24
UPC; 	AS6830;195.34.133.0;24
UPC; 	AS6830;195.34.134.0;24
UPC; 	AS6830;195.34.135.0;24
UPC; 	AS6830;195.34.144.0;20
UPC; 	AS6830;195.43.139.0;24
UPC; 	AS6830;195.58.160.0;19
UPC; 	AS6830;195.58.160.0;20
UPC; 	AS6830;195.58.176.0;20
UPC; 	AS6830;195.66.123.0;24
UPC; 	AS6830;195.95.162.0;24
UPC; 	AS6830;195.184.160.0;19
UPC; 	AS6830;195.200.243.0;24
UPC; 	AS6830;195.202.192.0;18
UPC; 	AS6830;195.230.117.0;24
UPC; 	AS6830;195.234.172.0;24
UPC; 	AS6830;195.248.73.0;24
UPC; 	AS6830;195.250.54.0;24
UPC; 	AS6830;212.17.64.0;18
UPC; 	AS6830;212.17.64.0;19
UPC; 	AS6830;212.17.96.0;19
UPC; 	AS6830;212.41.224.0;19
UPC; 	AS6830;212.41.224.0;20
UPC; 	AS6830;212.41.240.0;20
UPC; 	AS6830;212.47.160.0;19
UPC; 	AS6830;212.76.32.0;19
UPC; 	AS6830;212.76.32.0;20
UPC; 	AS6830;212.76.48.0;20
UPC; 	AS6830;212.83.64.0;19
UPC; 	AS6830;212.83.64.0;22
UPC; 	AS6830;212.83.68.0;22
UPC; 	AS6830;212.83.72.0;21
UPC; 	AS6830;212.83.80.0;20
UPC; 	AS6830;212.142.0.0;18
UPC; 	AS6830;212.142.0.0;19
UPC; 	AS6830;212.142.32.0;19
UPC; 	AS6830;212.178.32.0;19
UPC; 	AS6830;212.178.32.0;20
UPC; 	AS6830;212.178.48.0;20
UPC; 	AS6830;212.186.0.0;16
UPC; 	AS6830;212.186.0.0;18
UPC; 	AS6830;212.186.64.0;19
UPC; 	AS6830;212.186.64.0;20
UPC; 	AS6830;212.186.80.0;20
UPC; 	AS6830;212.186.96.0;20
UPC; 	AS6830;212.186.112.0;21
UPC; 	AS6830;212.186.120.0;21
UPC; 	AS6830;212.186.128.0;19
UPC; 	AS6830;212.186.128.0;20
UPC; 	AS6830;212.186.144.0;20
UPC; 	AS6830;212.186.160.0;22
UPC; 	AS6830;212.186.162.0;24
UPC; 	AS6830;212.186.168.0;23
UPC; 	AS6830;212.186.170.0;23
UPC; 	AS6830;212.186.172.0;22
UPC; 	AS6830;212.186.176.0;20
UPC; 	AS6830;212.186.192.0;19
UPC; 	AS6830;212.186.210.0;24
UPC; 	AS6830;212.186.211.0;24
UPC; 	AS6830;212.186.212.0;24
UPC; 	AS6830;212.186.213.0;24
UPC; 	AS6830;212.186.224.0;21
UPC; 	AS6830;212.186.232.0;21
UPC; 	AS6830;212.186.240.0;20
UPC; 	AS6830;212.187.0.0;17
UPC; 	AS6830;212.187.0.0;18
UPC; 	AS6830;212.187.64.0;18
UPC; 	AS6830;213.34.0.0;19
UPC; 	AS6830;213.34.0.0;20
UPC; 	AS6830;213.34.16.0;20
UPC; 	AS6830;213.46.0.0;15
UPC; 	AS6830;213.46.0.0;19
UPC; 	AS6830;213.46.32.0;20
UPC; 	AS6830;213.46.48.0;21
UPC; 	AS6830;213.46.56.0;22
UPC; 	AS6830;213.46.60.0;22
UPC; 	AS6830;213.46.60.0;24
UPC; 	AS6830;213.46.64.0;18
UPC; 	AS6830;213.46.128.0;19
UPC; 	AS6830;213.46.160.0;19
UPC; 	AS6830;213.46.160.0;24
UPC; 	AS6830;213.46.161.0;24
UPC; 	AS6830;213.46.163.0;24
UPC; 	AS6830;213.46.166.0;24
UPC; 	AS6830;213.46.167.0;24
UPC; 	AS6830;213.46.172.0;24
UPC; 	AS6830;213.46.173.0;24
UPC; 	AS6830;213.46.174.0;24
UPC; 	AS6830;213.46.176.0;24
UPC; 	AS6830;213.46.177.0;24
UPC; 	AS6830;213.46.178.0;24
UPC; 	AS6830;213.46.179.0;24
UPC; 	AS6830;213.46.181.0;24
UPC; 	AS6830;213.46.183.0;24
UPC; 	AS6830;213.46.190.0;24
UPC; 	AS6830;213.46.192.0;19
UPC; 	AS6830;213.46.224.0;19
UPC; 	AS6830;213.46.243.0;24
UPC; 	AS6830;213.46.246.0;24
UPC; 	AS6830;213.46.255.0;24
UPC; 	AS6830;213.47.0.0;16
UPC; 	AS6830;213.47.0.0;17
UPC; 	AS6830;213.47.128.0;17
UPC; 	AS6830;213.47.192.0;20
UPC; 	AS6830;213.47.220.0;24
UPC; 	AS6830;213.47.221.0;24
UPC; 	AS6830;213.47.222.0;24
UPC; 	AS6830;213.47.224.0;19
UPC; 	AS6830;213.93.0.0;16
UPC; 	AS6830;213.93.0.0;17
UPC; 	AS6830;213.93.128.0;17
UPC; 	AS6830;213.108.160.0;21
UPC; 	AS6830;213.124.160.0;19
UPC; 	AS6830;213.124.160.0;20
UPC; 	AS6830;213.124.176.0;20
UPC; 	AS6830;213.124.192.0;18
UPC; 	AS6830;213.124.192.0;19
UPC; 	AS6830;213.124.224.0;19
UPC; 	AS6830;213.126.128.0;17
UPC; 	AS6830;213.126.128.0;18
UPC; 	AS6830;213.126.192.0;18
UPC; 	AS6830;213.127.0.0;16
UPC; 	AS6830;213.127.0.0;17
UPC; 	AS6830;213.127.128.0;17
UPC; 	AS6830;213.134.160.0;19
UPC; 	AS6830;213.134.160.0;20
UPC; 	AS6830;213.134.176.0;20
UPC; 	AS6830;213.160.192.0;18
UPC; 	AS6830;213.160.192.0;19
UPC; 	AS6830;213.160.224.0;19
UPC; 	AS6830;213.164.224.0;19
UPC; 	AS6830;213.192.0.0;18
UPC; 	AS6830;213.192.0.0;19
UPC; 	AS6830;213.192.32.0;19
UPC; 	AS6830;213.193.64.0;18
UPC; 	AS6830;213.220.192.0;18
UPC; 	AS6830;213.222.128.0;18
UPC; 	AS6830;213.229.0.0;18
UPC; 	AS6830;213.229.0.0;19
UPC; 	AS6830;213.229.32.0;19
UPC; 	AS6830;217.23.240.0;20
UPC; 	AS6830;217.24.32.0;20
UPC; 	AS6830;217.63.128.0;18
UPC; 	AS6830;217.63.128.0;19
UPC; 	AS6830;217.63.160.0;19
UPC; 	AS6830;217.71.240.0;20
UPC; 	AS6830;217.71.249.0;24
UPC; 	AS6830;217.71.250.0;23
UPC; 	AS6830;217.102.0.0;17
UPC; 	AS6830;217.102.0.0;18
UPC; 	AS6830;217.102.64.0;18
UPC; 	AS6830;217.103.0.0;16
UPC; 	AS6830;217.103.0.0;17
UPC; 	AS6830;217.103.128.0;17
UPC; 	AS6830;217.104.128.0;17
UPC; 	AS6830;217.104.128.0;18
UPC; 	AS6830;217.104.192.0;18
UPC; 	AS6830;217.105.0.0;18
UPC; 	AS6830;217.105.0.0;19
UPC; 	AS6830;217.105.32.0;19
UPC; 	AS6830;217.105.224.0;19
UPC; 	AS6830;217.105.224.0;20
UPC; 	AS6830;217.105.240.0;20
UPC; 	AS6830;217.119.64.0;20
UPC; 	AS6830;217.147.48.0;20
UPC; 	AS6830;217.156.57.0;24
UPC; 	AS6830;217.162.0.0;16
UPC; 	AS6830;217.168.32.0;19
GTS; 	AS8246;91.196.28.0;22
GTS; 	AS8246;91.196.30.0;23
GTS; 	AS8246;91.196.30.0;24
GTS; 	AS8246;91.196.31.0;24
GTS; 	AS8246;195.94.192.0;19
GTS; 	AS8246;217.8.160.0;19
GTS; 	AS8246;217.153.0.0;16
Exatel; 	AS20804;81.15.128.0;17
Exatel; 	AS20804;81.15.128.0;24
Exatel; 	AS20804;81.15.144.0;20
Exatel; 	AS20804;81.15.160.0;20
Exatel; 	AS20804;81.15.228.0;24
Exatel; 	AS20804;82.177.0.0;16
Exatel; 	AS20804;82.177.0.0;20
Exatel; 	AS20804;82.177.192.0;20
Exatel; 	AS20804;88.220.0.0;16
Exatel; 	AS20804;91.90.73.0;24
Exatel; 	AS20804;91.90.74.0;24
Exatel; 	AS20804;91.90.75.0;24
Exatel; 	AS20804;91.90.76.0;24
Exatel; 	AS20804;91.90.77.0;24
Exatel; 	AS20804;91.90.78.0;24
Exatel; 	AS20804;91.90.79.0;24
Exatel; 	AS20804;91.195.56.0;23
Exatel; 	AS20804;91.195.250.0;23
Exatel; 	AS20804;91.195.250.0;24
Exatel; 	AS20804;91.195.251.0;24
Exatel; 	AS20804;91.207.242.0;23
Exatel; 	AS20804;91.229.42.0;23
Exatel; 	AS20804;91.236.8.0;23
Exatel; 	AS20804;176.109.128.0;21
Exatel; 	AS20804;193.17.223.0;24
Exatel; 	AS20804;193.104.166.0;24
Exatel; 	AS20804;193.239.101.0;24
Exatel; 	AS20804;193.239.102.0;24
Exatel; 	AS20804;193.239.103.0;24
Exatel; 	AS20804;194.183.32.0;19
Exatel; 	AS20804;194.183.56.0;23
Exatel; 	AS20804;194.183.56.0;24
Exatel; 	AS20804;195.136.208.0;21
Exatel; 	AS20804;195.136.216.0;21
Exatel; 	AS20804;195.136.232.0;21
Exatel; 	AS20804;213.172.160.0;19
Exatel; 	AS20804;213.172.160.0;24
Exatel; 	AS20804;213.172.184.0;21
Exatel; 	AS20804;213.172.185.0;24
CDP; 	AS12968;62.89.64.0;18
CDP; 	AS12968;62.111.128.0;17
CDP; 	AS12968;62.181.160.0;19
CDP; 	AS12968;85.128.0.0;17
CDP; 	AS12968;89.22.192.0;21
CDP; 	AS12968;89.171.0.0;16
CDP; 	AS12968;91.189.72.0;21
CDP; 	AS12968;91.196.12.0;22
CDP; 	AS12968;91.198.121.0;24
CDP; 	AS12968;91.207.184.0;23
CDP; 	AS12968;91.207.202.0;23
CDP; 	AS12968;91.213.107.0;24
CDP; 	AS12968;91.216.115.0;24
CDP; 	AS12968;91.231.19.0;24
CDP; 	AS12968;91.231.20.0;23
CDP; 	AS12968;93.159.0.0;18
CDP; 	AS12968;93.159.57.0;24
CDP; 	AS12968;193.37.139.0;24
CDP; 	AS12968;193.43.228.0;22
CDP; 	AS12968;193.58.249.0;24
CDP; 	AS12968;193.84.71.0;24
CDP; 	AS12968;193.91.16.0;20
CDP; 	AS12968;193.138.136.0;24
CDP; 	AS12968;193.201.136.0;22
CDP; 	AS12968;193.238.14.0;23
CDP; 	AS12968;193.238.14.0;24
CDP; 	AS12968;193.238.15.0;24
CDP; 	AS12968;193.238.40.0;22
CDP; 	AS12968;193.239.208.0;23
CDP; 	AS12968;194.110.238.0;24
CDP; 	AS12968;194.169.237.0;24
CDP; 	AS12968;194.187.168.0;22
CDP; 	AS12968;195.64.150.0;23
CDP; 	AS12968;195.88.28.0;23
CDP; 	AS12968;195.160.178.0;23
CDP; 	AS12968;213.134.128.0;19
ATMATMAN; 	AS15694;46.174.168.0;21
ATMATMAN; 	AS15694;46.174.168.0;24
ATMATMAN; 	AS15694;46.229.144.0;20
ATMATMAN; 	AS15694;77.79.192.0;18
ATMATMAN; 	AS15694;85.232.224.0;19
ATMATMAN; 	AS15694;91.185.184.0;21
ATMATMAN; 	AS15694;91.200.32.0;22
ATMATMAN; 	AS15694;91.204.140.0;22
ATMATMAN; 	AS15694;91.205.244.0;22
ATMATMAN; 	AS15694;91.222.184.0;22
ATMATMAN; 	AS15694;91.222.187.0;24
ATMATMAN; 	AS15694;91.227.36.0;22
ATMATMAN; 	AS15694;91.227.40.0;23
ATMATMAN; 	AS15694;91.227.115.0;24
ATMATMAN; 	AS15694;91.227.132.0;23
ATMATMAN; 	AS15694;91.231.36.0;22
ATMATMAN; 	AS15694;91.231.116.0;23
ATMATMAN; 	AS15694;91.232.176.0;24
ATMATMAN; 	AS15694;91.232.176.0;25
ATMATMAN; 	AS15694;91.232.176.128;25
ATMATMAN; 	AS15694;91.235.228.0;23
ATMATMAN; 	AS15694;91.235.228.0;24
ATMATMAN; 	AS15694;91.237.18.0;23
ATMATMAN; 	AS15694;94.232.32.0;21
ATMATMAN; 	AS15694;178.218.224.0;20
ATMATMAN; 	AS15694;185.32.48.0;24
ATMATMAN; 	AS15694;193.16.255.0;24
ATMATMAN; 	AS15694;193.27.82.0;23
ATMATMAN; 	AS15694;193.27.82.0;24
ATMATMAN; 	AS15694;193.27.83.0;24
ATMATMAN; 	AS15694;193.27.198.0;23
ATMATMAN; 	AS15694;193.29.48.0;24
ATMATMAN; 	AS15694;193.33.34.0;23
ATMATMAN; 	AS15694;193.42.211.0;24
ATMATMAN; 	AS15694;193.46.187.0;24
ATMATMAN; 	AS15694;193.107.164.0;23
ATMATMAN; 	AS15694;193.107.166.0;24
ATMATMAN; 	AS15694;193.107.167.0;24
ATMATMAN; 	AS15694;193.150.50.0;23
ATMATMAN; 	AS15694;193.187.53.0;24
ATMATMAN; 	AS15694;193.200.232.0;24
ATMATMAN; 	AS15694;193.200.233.0;24
ATMATMAN; 	AS15694;193.201.34.0;24
ATMATMAN; 	AS15694;193.203.208.0;23
ATMATMAN; 	AS15694;193.222.131.0;24
ATMATMAN; 	AS15694;194.0.154.0;24
ATMATMAN; 	AS15694;194.0.211.0;24
ATMATMAN; 	AS15694;194.1.146.0;24
ATMATMAN; 	AS15694;194.50.83.0;24
ATMATMAN; 	AS15694;194.61.66.0;24
ATMATMAN; 	AS15694;194.88.244.0;24
ATMATMAN; 	AS15694;194.88.245.0;24
ATMATMAN; 	AS15694;194.145.225.0;24
ATMATMAN; 	AS15694;194.145.228.0;24
ATMATMAN; 	AS15694;194.150.230.0;23
ATMATMAN; 	AS15694;194.150.250.0;23
ATMATMAN; 	AS15694;194.169.229.0;24
ATMATMAN; 	AS15694;194.242.104.0;24
ATMATMAN; 	AS15694;194.242.105.0;24
ATMATMAN; 	AS15694;194.242.106.0;24
ATMATMAN; 	AS15694;194.242.107.0;24
ATMATMAN; 	AS15694;195.8.97.0;24
ATMATMAN; 	AS15694;195.85.227.0;24
ATMATMAN; 	AS15694;195.85.227.0;25
ATMATMAN; 	AS15694;195.85.227.128;25
ATMATMAN; 	AS15694;195.137.189.0;24
ATMATMAN; 	AS15694;195.149.198.0;23
ATMATMAN; 	AS15694;195.238.184.0;22
ATMATMAN; 	AS15694;195.242.124.0;23
ATMATMAN; 	AS15694;198.8.136.0;21
ATMATMAN; 	AS15694;198.8.136.0;22
ATMATMAN; 	AS15694;198.8.140.0;22
ATMATMAN; 	AS15694;212.91.0.0;19
ATMATMAN; 	AS15694;212.91.4.0;22
ATMATMAN; 	AS15694;212.91.4.0;24
ATMATMAN; 	AS15694;212.91.10.0;24
ATMATMAN; 	AS15694;212.91.11.0;24
ATMATMAN; 	AS15694;212.91.12.0;24
ATMATMAN; 	AS15694;212.91.16.0;20
ATMATMAN; 	AS15694;213.189.32.0;19
ATMATMAN; 	AS15694;217.17.32.0;20
ATMATMAN; 	AS15694;217.17.38.0;24
ATMATMAN; 	AS15694;217.149.240.0;20
Aster; 	AS12476;31.178.0.0;15
Aster; 	AS12476;31.178.0.0;16
Aster; 	AS12476;31.179.0.0;16
Aster; 	AS12476;62.121.64.0;18
Aster; 	AS12476;62.121.64.0;19
Aster; 	AS12476;62.121.96.0;19
Aster; 	AS12476;82.210.128.0;18
Aster; 	AS12476;82.210.128.0;19
Aster; 	AS12476;82.210.160.0;19
Aster; 	AS12476;85.222.0.0;17
Aster; 	AS12476;85.222.0.0;18
Aster; 	AS12476;85.222.64.0;18
Aster; 	AS12476;94.75.64.0;18
Aster; 	AS12476;94.75.64.0;19
Aster; 	AS12476;94.75.96.0;19
Aster; 	AS12476;178.73.0.0;18
Aster; 	AS12476;178.73.0.0;19
Aster; 	AS12476;178.73.32.0;19
Aster; 	AS12476;195.250.54.0;24
Aster; 	AS12476;212.76.32.0;19
Aster; 	AS12476;212.76.32.0;20
Aster; 	AS12476;212.76.48.0;20
Vectra; 	AS29314;31.11.128.0;17
Vectra; 	AS29314;31.22.96.0;21
Vectra; 	AS29314;31.22.96.0;22
Vectra; 	AS29314;31.22.100.0;22
Vectra; 	AS29314;37.8.192.0;18
Vectra; 	AS29314;37.77.152.0;21
Vectra; 	AS29314;62.122.112.0;21
Vectra; 	AS29314;77.222.224.0;21
Vectra; 	AS29314;77.222.232.0;21
Vectra; 	AS29314;77.222.240.0;20
Vectra; 	AS29314;78.31.152.0;21
Vectra; 	AS29314;78.88.0.0;17
Vectra; 	AS29314;78.88.0.0;20
Vectra; 	AS29314;78.88.16.0;22
Vectra; 	AS29314;78.88.20.0;23
Vectra; 	AS29314;78.88.22.0;23
Vectra; 	AS29314;78.88.24.0;21
Vectra; 	AS29314;78.88.32.0;21
Vectra; 	AS29314;78.88.40.0;23
Vectra; 	AS29314;78.88.42.0;24
Vectra; 	AS29314;78.88.43.0;24
Vectra; 	AS29314;78.88.44.0;23
Vectra; 	AS29314;78.88.46.0;24
Vectra; 	AS29314;78.88.47.0;24
Vectra; 	AS29314;78.88.48.0;21
Vectra; 	AS29314;78.88.56.0;21
Vectra; 	AS29314;78.88.64.0;21
Vectra; 	AS29314;78.88.72.0;21
Vectra; 	AS29314;78.88.80.0;22
Vectra; 	AS29314;78.88.84.0;22
Vectra; 	AS29314;78.88.88.0;23
Vectra; 	AS29314;78.88.90.0;23
Vectra; 	AS29314;78.88.92.0;24
Vectra; 	AS29314;78.88.93.0;24
Vectra; 	AS29314;78.88.94.0;24
Vectra; 	AS29314;78.88.95.0;24
Vectra; 	AS29314;78.88.96.0;21
Vectra; 	AS29314;78.88.104.0;23
Vectra; 	AS29314;78.88.106.0;23
Vectra; 	AS29314;78.88.108.0;24
Vectra; 	AS29314;78.88.109.0;24
Vectra; 	AS29314;78.88.110.0;23
Vectra; 	AS29314;78.88.112.0;21
Vectra; 	AS29314;78.88.120.0;23
Vectra; 	AS29314;78.88.122.0;24
Vectra; 	AS29314;78.88.123.0;24
Vectra; 	AS29314;78.88.124.0;23
Vectra; 	AS29314;78.88.126.0;24
Vectra; 	AS29314;78.88.127.0;24
Vectra; 	AS29314;78.88.128.0;17
Vectra; 	AS29314;78.88.128.0;22
Vectra; 	AS29314;78.88.132.0;23
Vectra; 	AS29314;78.88.134.0;23
Vectra; 	AS29314;78.88.136.0;21
Vectra; 	AS29314;78.88.144.0;22
Vectra; 	AS29314;78.88.148.0;22
Vectra; 	AS29314;78.88.152.0;22
Vectra; 	AS29314;78.88.156.0;23
Vectra; 	AS29314;78.88.158.0;23
Vectra; 	AS29314;78.88.160.0;21
Vectra; 	AS29314;78.88.168.0;21
Vectra; 	AS29314;78.88.176.0;21
Vectra; 	AS29314;78.88.184.0;21
Vectra; 	AS29314;78.88.192.0;21
Vectra; 	AS29314;78.88.200.0;21
Vectra; 	AS29314;78.88.208.0;21
Vectra; 	AS29314;78.88.216.0;21
Vectra; 	AS29314;78.88.224.0;21
Vectra; 	AS29314;78.88.232.0;23
Vectra; 	AS29314;78.88.234.0;23
Vectra; 	AS29314;78.88.236.0;23
Vectra; 	AS29314;78.88.238.0;24
Vectra; 	AS29314;78.88.239.0;24
Vectra; 	AS29314;78.88.240.0;23
Vectra; 	AS29314;78.88.242.0;23
Vectra; 	AS29314;78.88.244.0;22
Vectra; 	AS29314;78.88.248.0;21
Vectra; 	AS29314;82.139.0.0;18
Vectra; 	AS29314;83.143.40.0;21
Vectra; 	AS29314;83.143.136.0;21
Vectra; 	AS29314;83.243.104.0;21
Vectra; 	AS29314;88.156.0.0;18
Vectra; 	AS29314;88.156.64.0;18
Vectra; 	AS29314;88.156.64.0;24
Vectra; 	AS29314;88.156.65.0;24
Vectra; 	AS29314;88.156.66.0;23
Vectra; 	AS29314;88.156.68.0;24
Vectra; 	AS29314;88.156.69.0;24
Vectra; 	AS29314;88.156.70.0;24
Vectra; 	AS29314;88.156.71.0;24
Vectra; 	AS29314;88.156.72.0;23
Vectra; 	AS29314;88.156.74.0;24
Vectra; 	AS29314;88.156.75.0;24
Vectra; 	AS29314;88.156.76.0;24
Vectra; 	AS29314;88.156.77.0;24
Vectra; 	AS29314;88.156.78.0;23
Vectra; 	AS29314;88.156.78.0;24
Vectra; 	AS29314;88.156.79.0;24
Vectra; 	AS29314;88.156.80.0;20
Vectra; 	AS29314;88.156.83.0;24
Vectra; 	AS29314;88.156.96.0;19
Vectra; 	AS29314;88.156.96.0;24
Vectra; 	AS29314;88.156.97.0;24
Vectra; 	AS29314;88.156.98.0;24
Vectra; 	AS29314;88.156.99.0;24
Vectra; 	AS29314;88.156.100.0;22
Vectra; 	AS29314;88.156.104.0;21
Vectra; 	AS29314;88.156.112.0;20
Vectra; 	AS29314;88.156.128.0;18
Vectra; 	AS29314;88.156.128.0;20
Vectra; 	AS29314;88.156.144.0;20
Vectra; 	AS29314;88.156.160.0;21
Vectra; 	AS29314;88.156.168.0;22
Vectra; 	AS29314;88.156.172.0;24
Vectra; 	AS29314;88.156.173.0;24
Vectra; 	AS29314;88.156.174.0;24
Vectra; 	AS29314;88.156.175.0;24
Vectra; 	AS29314;88.156.176.0;21
Vectra; 	AS29314;88.156.184.0;21
Vectra; 	AS29314;88.156.192.0;18
Vectra; 	AS29314;88.156.192.0;20
Vectra; 	AS29314;88.156.208.0;21
Vectra; 	AS29314;88.156.216.0;23
Vectra; 	AS29314;88.156.218.0;23
Vectra; 	AS29314;88.156.220.0;23
Vectra; 	AS29314;88.156.222.0;24
Vectra; 	AS29314;88.156.223.0;24
Vectra; 	AS29314;88.156.224.0;24
Vectra; 	AS29314;88.156.225.0;24
Vectra; 	AS29314;88.156.226.0;23
Vectra; 	AS29314;88.156.228.0;24
Vectra; 	AS29314;88.156.229.0;24
Vectra; 	AS29314;88.156.230.0;23
Vectra; 	AS29314;88.156.232.0;22
Vectra; 	AS29314;88.156.236.0;22
Vectra; 	AS29314;88.156.240.0;22
Vectra; 	AS29314;88.156.244.0;22
Vectra; 	AS29314;88.156.248.0;22
Vectra; 	AS29314;88.156.252.0;24
Vectra; 	AS29314;88.156.253.0;24
Vectra; 	AS29314;88.156.254.0;24
Vectra; 	AS29314;88.156.255.0;24
Vectra; 	AS29314;91.192.76.0;22
Vectra; 	AS29314;91.226.197.0;24
Vectra; 	AS29314;91.230.159.0;24
Vectra; 	AS29314;91.230.162.0;23
Vectra; 	AS29314;91.230.164.0;22
Vectra; 	AS29314;91.238.232.0;22
Vectra; 	AS29314;93.105.0.0;17
Vectra; 	AS29314;93.105.0.0;23
Vectra; 	AS29314;93.105.2.0;23
Vectra; 	AS29314;93.105.4.0;23
Vectra; 	AS29314;93.105.6.0;24
Vectra; 	AS29314;93.105.7.0;24
Vectra; 	AS29314;93.105.8.0;22
Vectra; 	AS29314;93.105.12.0;23
Vectra; 	AS29314;93.105.14.0;23
Vectra; 	AS29314;93.105.16.0;22
Vectra; 	AS29314;93.105.20.0;22
Vectra; 	AS29314;93.105.24.0;21
Vectra; 	AS29314;93.105.32.0;21
Vectra; 	AS29314;93.105.40.0;24
Vectra; 	AS29314;93.105.41.0;24
Vectra; 	AS29314;93.105.42.0;24
Vectra; 	AS29314;93.105.43.0;24
Vectra; 	AS29314;93.105.44.0;22
Vectra; 	AS29314;93.105.48.0;22
Vectra; 	AS29314;93.105.52.0;22
Vectra; 	AS29314;93.105.56.0;21
Vectra; 	AS29314;93.105.64.0;19
Vectra; 	AS29314;93.105.96.0;20
Vectra; 	AS29314;93.105.112.0;21
Vectra; 	AS29314;93.105.120.0;21
Vectra; 	AS29314;93.105.128.0;17
Vectra; 	AS29314;93.105.128.0;21
Vectra; 	AS29314;93.105.136.0;22
Vectra; 	AS29314;93.105.140.0;23
Vectra; 	AS29314;93.105.142.0;24
Vectra; 	AS29314;93.105.143.0;24
Vectra; 	AS29314;93.105.144.0;21
Vectra; 	AS29314;93.105.152.0;22
Vectra; 	AS29314;93.105.156.0;22
Vectra; 	AS29314;93.105.160.0;21
Vectra; 	AS29314;93.105.168.0;21
Vectra; 	AS29314;93.105.176.0;21
Vectra; 	AS29314;93.105.184.0;22
Vectra; 	AS29314;93.105.188.0;23
Vectra; 	AS29314;93.105.190.0;23
Vectra; 	AS29314;93.105.192.0;20
Vectra; 	AS29314;93.105.208.0;20
Vectra; 	AS29314;93.105.224.0;21
Vectra; 	AS29314;93.105.232.0;22
Vectra; 	AS29314;93.105.236.0;24
Vectra; 	AS29314;93.105.237.0;24
Vectra; 	AS29314;93.105.238.0;24
Vectra; 	AS29314;93.105.239.0;24
Vectra; 	AS29314;93.105.240.0;20
Vectra; 	AS29314;94.231.48.0;20
Vectra; 	AS29314;95.160.0.0;17
Vectra; 	AS29314;95.160.0.0;23
Vectra; 	AS29314;95.160.2.0;23
Vectra; 	AS29314;95.160.4.0;23
Vectra; 	AS29314;95.160.6.0;24
Vectra; 	AS29314;95.160.7.0;24
Vectra; 	AS29314;95.160.8.0;24
Vectra; 	AS29314;95.160.9.0;24
Vectra; 	AS29314;95.160.10.0;24
Vectra; 	AS29314;95.160.11.0;24
Vectra; 	AS29314;95.160.12.0;22
Vectra; 	AS29314;95.160.16.0;22
Vectra; 	AS29314;95.160.20.0;22
Vectra; 	AS29314;95.160.24.0;22
Vectra; 	AS29314;95.160.28.0;22
Vectra; 	AS29314;95.160.32.0;21
Vectra; 	AS29314;95.160.40.0;21
Vectra; 	AS29314;95.160.48.0;23
Vectra; 	AS29314;95.160.50.0;23
Vectra; 	AS29314;95.160.52.0;24
Vectra; 	AS29314;95.160.53.0;24
Vectra; 	AS29314;95.160.54.0;23
Vectra; 	AS29314;95.160.56.0;22
Vectra; 	AS29314;95.160.60.0;22
Vectra; 	AS29314;95.160.64.0;23
Vectra; 	AS29314;95.160.66.0;23
Vectra; 	AS29314;95.160.68.0;24
Vectra; 	AS29314;95.160.69.0;24
Vectra; 	AS29314;95.160.70.0;24
Vectra; 	AS29314;95.160.71.0;24
Vectra; 	AS29314;95.160.72.0;22
Vectra; 	AS29314;95.160.76.0;22
Vectra; 	AS29314;95.160.80.0;21
Vectra; 	AS29314;95.160.88.0;21
Vectra; 	AS29314;95.160.96.0;21
Vectra; 	AS29314;95.160.104.0;21
Vectra; 	AS29314;95.160.112.0;23
Vectra; 	AS29314;95.160.114.0;24
Vectra; 	AS29314;95.160.115.0;24
Vectra; 	AS29314;95.160.116.0;22
Vectra; 	AS29314;95.160.120.0;21
Vectra; 	AS29314;95.160.128.0;17
Vectra; 	AS29314;95.160.128.0;19
Vectra; 	AS29314;95.160.160.0;23
Vectra; 	AS29314;95.160.162.0;23
Vectra; 	AS29314;95.160.164.0;23
Vectra; 	AS29314;95.160.166.0;24
Vectra; 	AS29314;95.160.167.0;24
Vectra; 	AS29314;95.160.168.0;23
Vectra; 	AS29314;95.160.170.0;24
Vectra; 	AS29314;95.160.171.0;24
Vectra; 	AS29314;95.160.172.0;22
Vectra; 	AS29314;95.160.176.0;21
Vectra; 	AS29314;95.160.184.0;21
Vectra; 	AS29314;95.160.192.0;23
Vectra; 	AS29314;95.160.194.0;24
Vectra; 	AS29314;95.160.195.0;24
Vectra; 	AS29314;95.160.196.0;24
Vectra; 	AS29314;95.160.197.0;24
Vectra; 	AS29314;95.160.198.0;23
Vectra; 	AS29314;95.160.200.0;21
Vectra; 	AS29314;95.160.208.0;20
Vectra; 	AS29314;95.160.224.0;24
Vectra; 	AS29314;95.160.225.0;24
Vectra; 	AS29314;95.160.226.0;24
Vectra; 	AS29314;95.160.227.0;24
Vectra; 	AS29314;95.160.228.0;22
Vectra; 	AS29314;95.160.232.0;21
Vectra; 	AS29314;95.160.240.0;20
Vectra; 	AS29314;109.107.0.0;19
Vectra; 	AS29314;109.107.0.0;20
Vectra; 	AS29314;109.107.16.0;21
Vectra; 	AS29314;109.107.24.0;23
Vectra; 	AS29314;109.107.26.0;24
Vectra; 	AS29314;109.107.27.0;24
Vectra; 	AS29314;109.107.28.0;22
Vectra; 	AS29314;109.107.28.0;24
Vectra; 	AS29314;109.107.29.0;24
Vectra; 	AS29314;109.107.30.0;24
Vectra; 	AS29314;109.107.31.0;24
Vectra; 	AS29314;109.197.56.0;21
Vectra; 	AS29314;109.197.64.0;21
Vectra; 	AS29314;109.241.0.0;18
Vectra; 	AS29314;109.241.64.0;18
Vectra; 	AS29314;109.241.128.0;18
Vectra; 	AS29314;109.241.192.0;18
Vectra; 	AS29314;178.235.0.0;17
Vectra; 	AS29314;178.235.128.0;24
Vectra; 	AS29314;178.235.129.0;24
Vectra; 	AS29314;178.235.130.0;24
Vectra; 	AS29314;178.235.131.0;24
Vectra; 	AS29314;178.235.132.0;23
Vectra; 	AS29314;178.235.134.0;24
Vectra; 	AS29314;178.235.135.0;24
Vectra; 	AS29314;178.235.136.0;22
Vectra; 	AS29314;178.235.136.0;23
Vectra; 	AS29314;178.235.138.0;23
Vectra; 	AS29314;178.235.140.0;24
Vectra; 	AS29314;178.235.141.0;24
Vectra; 	AS29314;178.235.142.0;23
Vectra; 	AS29314;178.235.144.0;23
Vectra; 	AS29314;178.235.146.0;24
Vectra; 	AS29314;178.235.147.0;24
Vectra; 	AS29314;178.235.148.0;22
Vectra; 	AS29314;178.235.152.0;21
Vectra; 	AS29314;178.235.160.0;19
Vectra; 	AS29314;178.235.192.0;18
Vectra; 	AS29314;193.106.128.0;22
Vectra; 	AS29314;193.108.228.0;23
Vectra; 	AS29314;193.201.18.0;23
Vectra; 	AS29314;194.54.188.0;22
Vectra; 	AS29314;195.26.72.0;22
Vectra; 	AS29314;195.28.170.0;23
Vectra; 	AS29314;195.95.170.0;24
Vectra; 	AS29314;195.191.162.0;23
Vectra; 	AS29314;195.242.252.0;22
TelekomunikacjaKolejowa; 	AS20960;78.131.128.0;17
TelekomunikacjaKolejowa; 	AS20960;78.131.140.0;23
TelekomunikacjaKolejowa; 	AS20960;78.131.161.0;24
TelekomunikacjaKolejowa; 	AS20960;78.131.162.0;24
TelekomunikacjaKolejowa; 	AS20960;78.131.175.0;24
TelekomunikacjaKolejowa; 	AS20960;78.131.192.0;24
TelekomunikacjaKolejowa; 	AS20960;78.131.195.0;24
TelekomunikacjaKolejowa; 	AS20960;78.131.236.0;24
TelekomunikacjaKolejowa; 	AS20960;78.131.237.0;24
TelekomunikacjaKolejowa; 	AS20960;78.131.238.0;24
TelekomunikacjaKolejowa; 	AS20960;79.139.68.0;22
TelekomunikacjaKolejowa; 	AS20960;82.160.0.0;16
TelekomunikacjaKolejowa; 	AS20960;82.160.13.0;24
TelekomunikacjaKolejowa; 	AS20960;82.160.14.0;24
TelekomunikacjaKolejowa; 	AS20960;82.160.25.0;24
TelekomunikacjaKolejowa; 	AS20960;82.160.35.0;24
TelekomunikacjaKolejowa; 	AS20960;82.160.36.0;24
TelekomunikacjaKolejowa; 	AS20960;82.160.105.0;24
TelekomunikacjaKolejowa; 	AS20960;82.160.109.0;24
TelekomunikacjaKolejowa; 	AS20960;82.160.120.0;23
TelekomunikacjaKolejowa; 	AS20960;88.199.0.0;16
TelekomunikacjaKolejowa; 	AS20960;88.199.21.0;24
TelekomunikacjaKolejowa; 	AS20960;88.199.26.0;24
TelekomunikacjaKolejowa; 	AS20960;88.199.29.0;24
TelekomunikacjaKolejowa; 	AS20960;88.199.50.0;23
TelekomunikacjaKolejowa; 	AS20960;88.199.63.0;24
TelekomunikacjaKolejowa; 	AS20960;88.199.82.0;24
TelekomunikacjaKolejowa; 	AS20960;91.196.30.0;24
TelekomunikacjaKolejowa; 	AS20960;91.196.31.0;24
TelekomunikacjaKolejowa; 	AS20960;94.40.0.0;16
TelekomunikacjaKolejowa; 	AS20960;94.40.41.0;24
TelekomunikacjaKolejowa; 	AS20960;94.40.42.0;23
TelekomunikacjaKolejowa; 	AS20960;94.40.44.0;24
TelekomunikacjaKolejowa; 	AS20960;94.40.47.0;24
TelekomunikacjaKolejowa; 	AS20960;94.40.52.0;22
TelekomunikacjaKolejowa; 	AS20960;94.40.61.0;24
TelekomunikacjaKolejowa; 	AS20960;94.40.72.0;22
TelekomunikacjaKolejowa; 	AS20960;94.40.76.0;23
TelekomunikacjaKolejowa; 	AS20960;94.40.112.0;24
TelekomunikacjaKolejowa; 	AS20960;94.40.114.0;24
TelekomunikacjaKolejowa; 	AS20960;94.40.115.0;24
TelekomunikacjaKolejowa; 	AS20960;94.40.116.0;24
TelekomunikacjaKolejowa; 	AS20960;94.40.123.0;24
TelekomunikacjaKolejowa; 	AS20960;94.40.224.0;21
TelekomunikacjaKolejowa; 	AS20960;94.40.232.0;21
TelekomunikacjaKolejowa; 	AS20960;94.40.240.0;21
TelekomunikacjaKolejowa; 	AS20960;94.40.248.0;21
TelekomunikacjaKolejowa; 	AS20960;193.239.100.0;22
TelekomunikacjaKolejowa; 	AS20960;194.28.80.0;22
TelekomunikacjaKolejowa; 	AS20960;194.246.98.0;24
TelekomunikacjaKolejowa; 	AS20960;213.199.192.0;18
TelekomunikacjaKolejowa; 	AS20960;213.199.192.0;20
TelekomunikacjaKolejowa; 	AS20960;213.199.208.0;20
TelekomunikacjaKolejowa; 	AS20960;213.199.224.0;19
MultimediaPolska; 	AS21021;31.6.128.0;18
MultimediaPolska; 	AS21021;31.6.192.0;19
MultimediaPolska; 	AS21021;31.42.16.0;20
MultimediaPolska; 	AS21021;37.131.128.0;19
MultimediaPolska; 	AS21021;37.190.128.0;17
MultimediaPolska; 	AS21021;46.186.0.0;17
MultimediaPolska; 	AS21021;62.61.32.0;19
MultimediaPolska; 	AS21021;62.141.192.0;18
MultimediaPolska; 	AS21021;80.244.128.0;19
MultimediaPolska; 	AS21021;81.190.0.0;16
MultimediaPolska; 	AS21021;83.68.64.0;19
MultimediaPolska; 	AS21021;84.38.80.0;20
MultimediaPolska; 	AS21021;85.117.0.0;19
MultimediaPolska; 	AS21021;87.116.192.0;18
MultimediaPolska; 	AS21021;89.17.224.0;19
MultimediaPolska; 	AS21021;89.228.0.0;16
MultimediaPolska; 	AS21021;89.229.0.0;16
MultimediaPolska; 	AS21021;89.230.0.0;16
MultimediaPolska; 	AS21021;89.231.0.0;16
MultimediaPolska; 	AS21021;94.78.128.0;18
MultimediaPolska; 	AS21021;94.251.128.0;17
MultimediaPolska; 	AS21021;176.221.96.0;19
MultimediaPolska; 	AS21021;193.43.240.0;22
MultimediaPolska; 	AS21021;193.200.118.0;23
MultimediaPolska; 	AS21021;194.116.132.0;23
MultimediaPolska; 	AS21021;194.149.240.0;24
MultimediaPolska; 	AS21021;195.93.134.0;23
MultimediaPolska; 	AS21021;195.93.222.0;23
MultimediaPolska; 	AS21021;213.136.224.0;19
MultimediaPolska; 	AS21021;217.70.48.0;20
MultimediaPolska; 	AS21021;217.75.48.0;20
MultimediaPolska; 	AS21021;217.172.224.0;19
Inea; 	AS13110;46.228.80.0;20
Inea; 	AS13110;46.238.64.0;18
Inea; 	AS13110;62.21.0.0;17
Inea; 	AS13110;77.65.0.0;17
Inea; 	AS13110;80.87.32.0;20
Inea; 	AS13110;85.221.128.0;17
Inea; 	AS13110;88.151.136.0;21
Inea; 	AS13110;91.207.186.0;23
Inea; 	AS13110;91.207.186.0;24
Inea; 	AS13110;91.207.187.0;24
Inea; 	AS13110;91.223.196.0;24
Inea; 	AS13110;91.226.232.0;23
Inea; 	AS13110;91.230.122.0;24
Inea; 	AS13110;91.240.152.0;23
Inea; 	AS13110;94.127.104.0;21
Inea; 	AS13110;109.173.128.0;17
Inea; 	AS13110;151.249.80.0;21
Inea; 	AS13110;192.162.48.0;22
Inea; 	AS13110;192.162.176.0;22
Inea; 	AS13110;193.23.54.0;24
Inea; 	AS13110;193.193.168.0;24
Inea; 	AS13110;194.24.164.0;23
Inea; 	AS13110;194.50.155.0;24
Inea; 	AS13110;195.160.180.0;23
Inea; 	AS13110;195.160.180.0;24
Inea; 	AS13110;195.160.181.0;24
NASK; 	AS8308;91.217.158.0;24
NASK; 	AS8308;91.238.85.0;24
NASK; 	AS8308;192.160.110.0;24
NASK; 	AS8308;193.23.63.0;24
NASK; 	AS8308;193.59.0.0;16
NASK; 	AS8308;193.178.143.0;24
NASK; 	AS8308;194.92.0.0;16
NASK; 	AS8308;194.169.220.0;24
NASK; 	AS8308;194.181.0.0;16
NASK; 	AS8308;195.164.0.0;16
NASK; 	AS8308;195.187.0.0;18
NASK; 	AS8308;195.187.101.0;24
NASK; 	AS8308;195.187.128.0;17
NASK; 	AS8308;217.9.160.0;20
Toya; 	AS16342;31.182.0.0;15
Toya; 	AS16342;77.237.0.0;19
Toya; 	AS16342;85.89.160.0;20
Toya; 	AS16342;85.89.176.0;20
Toya; 	AS16342;217.113.224.0;20
MNITelecom;  	AS24709;79.139.0.0;21
MNITelecom;  	AS24709;79.139.65.0;24
MNITelecom;  	AS24709;79.139.68.0;22
MNITelecom;  	AS24709;79.139.72.0;21
MNITelecom;  	AS24709;79.170.120.0;21
MNITelecom;  	AS24709;79.170.124.0;22
MNITelecom;  	AS24709;80.240.160.0;19
MNITelecom;  	AS24709;80.249.0.0;20
MNITelecom;  	AS24709;80.249.1.0;24
MNITelecom;  	AS24709;80.249.6.0;24
MNITelecom;  	AS24709;82.197.32.0;19
MNITelecom;  	AS24709;82.197.48.0;21
MNITelecom;  	AS24709;85.112.192.0;19
MNITelecom;  	AS24709;85.112.208.0;21
MNITelecom;  	AS24709;87.119.0.0;18
MNITelecom;  	AS24709;87.119.3.0;24
MNITelecom;  	AS24709;87.119.63.0;24
MNITelecom;  	AS24709;91.201.16.0;22
MNITelecom;  	AS24709;91.201.16.0;23
MNITelecom;  	AS24709;91.201.16.0;24
MNITelecom;  	AS24709;91.201.17.0;24
MNITelecom;  	AS24709;91.201.18.0;23
MNITelecom;  	AS24709;91.201.18.0;24
MNITelecom;  	AS24709;91.201.19.0;24
MNITelecom;  	AS24709;95.178.0.0;22
MNITelecom;  	AS24709;95.178.4.0;23
MNITelecom;  	AS24709;95.178.8.0;21
MNITelecom;  	AS24709;95.178.8.0;22
MNITelecom;  	AS24709;95.178.12.0;22
MNITelecom;  	AS24709;95.178.104.0;24
MNITelecom;  	AS24709;95.178.106.0;23
MNITelecom;  	AS24709;95.178.108.0;22
MNITelecom;  	AS24709;95.178.112.0;21
MNITelecom;  	AS24709;194.150.184.0;23
MNITelecom;  	AS24709;194.246.106.0;23
MNITelecom;  	AS24709;195.34.80.0;23
MNITelecom;  	AS24709;195.69.80.0;22
MNITelecom;  	AS24709;195.182.54.0;24
MNITelecom;  	AS24709;203.129.4.0;23
MNITelecom;  	AS24709;203.129.4.0;24
Polkomtel; 	AS8374;5.60.0.0;16
Polkomtel; 	AS8374;5.172.224.0;19
Polkomtel; 	AS8374;5.174.0.0;16
Polkomtel; 	AS8374;31.0.0.0;15
Polkomtel; 	AS8374;37.7.0.0;16
Polkomtel; 	AS8374;37.98.208.0;20
Polkomtel; 	AS8374;37.109.0.0;16
Polkomtel; 	AS8374;37.152.16.0;20
Polkomtel; 	AS8374;37.247.128.0;17
Polkomtel; 	AS8374;37.248.0.0;15
Polkomtel; 	AS8374;46.76.0.0;15
Polkomtel; 	AS8374;46.168.0.0;15
Polkomtel; 	AS8374;46.215.0.0;16
Polkomtel; 	AS8374;77.112.0.0;14
Polkomtel; 	AS8374;87.251.224.0;19
Polkomtel; 	AS8374;92.60.128.0;20
Polkomtel; 	AS8374;95.40.0.0;15
Polkomtel; 	AS8374;188.125.32.0;19
Polkomtel; 	AS8374;212.2.96.0;19
PolskaTelefoniaCyfrowa; 	AS12912;37.30.0.0;15
PolskaTelefoniaCyfrowa; 	AS12912;37.30.0.0;16
PolskaTelefoniaCyfrowa; 	AS12912;37.31.0.0;16
PolskaTelefoniaCyfrowa; 	AS12912;46.204.0.0;15
PolskaTelefoniaCyfrowa; 	AS12912;46.204.0.0;16
PolskaTelefoniaCyfrowa; 	AS12912;46.205.0.0;16
PolskaTelefoniaCyfrowa; 	AS12912;62.152.128.0;19
PolskaTelefoniaCyfrowa; 	AS12912;62.152.128.0;20
PolskaTelefoniaCyfrowa; 	AS12912;62.152.144.0;20
PolskaTelefoniaCyfrowa; 	AS12912;83.220.96.0;19
PolskaTelefoniaCyfrowa; 	AS12912;83.220.96.0;20
PolskaTelefoniaCyfrowa; 	AS12912;83.220.112.0;20
PolskaTelefoniaCyfrowa; 	AS12912;83.220.123.0;24
PolskaTelefoniaCyfrowa; 	AS12912;178.180.0.0;14
PolskaTelefoniaCyfrowa; 	AS12912;178.180.0.0;15
PolskaTelefoniaCyfrowa; 	AS12912;178.182.0.0;15
PolskaTelefoniaCyfrowa; 	AS12912;178.182.0.0;16
PolskaTelefoniaCyfrowa; 	AS12912;178.183.160.0;19
PolskaTelefoniaCyfrowa; 	AS12912;178.183.224.0;19
PolskaTelefoniaCyfrowa; 	AS12912;188.146.0.0;15
PolskaTelefoniaCyfrowa; 	AS12912;188.146.0.0;16
PolskaTelefoniaCyfrowa; 	AS12912;188.147.0.0;16
PolskaTelefoniaCyfrowa; 	AS12912;213.158.192.0;19
PolskaTelefoniaCyfrowa; 	AS12912;213.158.201.0;24
P4; 	AS39603;5.173.0.0;16
P4; 	AS39603;31.174.0.0;15
P4; 	AS39603;46.112.0.0;15
P4; 	AS39603;89.108.192.0;18
P4; 	AS39603;89.108.200.0;21
P4; 	AS39603;89.108.208.0;21
P4; 	AS39603;94.254.128.0;17
P4; 	AS39603;109.243.0.0;16
P4; 	AS39603;109.243.128.0;17
P4; 	AS39603;164.126.0.0;15
P4; 	AS39603;164.126.0.0;16
P4; 	AS39603;164.127.0.0;16
P4; 	AS39603;188.33.0.0;16
CyfrowyPolsat1;  AS41476;79.171.0.0;21
CyfrowyPolsat1;  AS41476;79.171.0.0;22
CyfrowyPolsat1;  AS41476;79.171.0.16;28
CyfrowyPolsat1;  AS41476;79.171.4.0;24
CyfrowyPolsat1;  AS41476;79.171.5.0;24
CyfrowyPolsat1;  AS41476;79.171.6.0;24
CyfrowyPolsat1;  AS41476;193.164.142.0;24
CyfrowyPolsat2;  AS41004;193.32.37.0;24
CyfrowyPolsat2;  AS41004;195.95.169.0;24
Aero2; 	AS15855;37.209.128.0;19
Aero2; 	AS15855;78.30.64.0;18
Aero2; 	AS15855;84.39.160.0;20
Aero2; 	AS15855;93.154.128.0;17
Aero2; 	AS15855;151.248.32.0;20
Aero2; 	AS15855;185.4.212.0;22
Aero2; 	AS15855;193.41.112.0;23
Centertel;  	AS43447;5.184.0.0;16
Centertel;  	AS43447;5.184.0.0;17
Centertel;  	AS43447;5.184.128.0;17
Centertel;  	AS43447;5.185.0.0;18
Centertel;  	AS43447;5.185.0.0;19
Centertel;  	AS43447;5.185.32.0;19
Centertel;  	AS43447;5.185.64.0;18
Centertel;  	AS43447;5.185.128.0;18
Centertel;  	AS43447;5.185.192.0;18
Centertel;  	AS43447;5.185.192.0;20
Centertel;  	AS43447;5.185.208.0;21
Centertel;  	AS43447;5.185.216.0;21
Centertel;  	AS43447;5.185.224.0;19
Centertel;  	AS43447;31.60.0.0;16
Centertel;  	AS43447;31.60.0.0;17
Centertel;  	AS43447;31.60.128.0;17
Centertel;  	AS43447;31.61.0.0;17
Centertel;  	AS43447;31.61.0.0;18
Centertel;  	AS43447;31.61.64.0;18
Centertel;  	AS43447;31.61.64.0;19
Centertel;  	AS43447;31.61.104.0;23
Centertel;  	AS43447;31.61.106.0;23
Centertel;  	AS43447;31.61.108.0;22
Centertel;  	AS43447;31.61.108.0;23
Centertel;  	AS43447;31.61.110.0;23
Centertel;  	AS43447;31.61.112.0;20
Centertel;  	AS43447;31.61.128.0;21
Centertel;  	AS43447;31.61.128.0;24
Centertel;  	AS43447;31.61.129.0;24
Centertel;  	AS43447;31.61.130.0;24
Centertel;  	AS43447;31.61.131.0;24
Centertel;  	AS43447;31.61.132.0;24
Centertel;  	AS43447;31.61.133.0;24
Centertel;  	AS43447;31.61.136.0;24
Centertel;  	AS43447;31.61.137.0;24
Centertel;  	AS43447;31.61.138.0;24
Centertel;  	AS43447;31.61.139.0;24
Centertel;  	AS43447;31.61.140.0;24
Centertel;  	AS43447;31.61.141.0;24
Centertel;  	AS43447;31.61.144.0;20
Centertel;  	AS43447;31.61.144.0;24
Centertel;  	AS43447;31.61.146.0;24
Centertel;  	AS43447;31.61.148.0;24
Centertel;  	AS43447;31.61.160.0;19
Centertel;  	AS43447;31.61.192.0;18
Centertel;  	AS43447;31.62.0.0;16
Centertel;  	AS43447;31.62.0.0;17
Centertel;  	AS43447;31.62.0.0;18
Centertel;  	AS43447;31.62.64.0;18
Centertel;  	AS43447;31.62.128.0;17
Centertel;  	AS43447;31.62.128.0;18
Centertel;  	AS43447;31.62.192.0;18
Centertel;  	AS43447;31.63.0.0;17
Centertel;  	AS43447;31.63.0.0;19
Centertel;  	AS43447;31.63.32.0;20
Centertel;  	AS43447;31.63.48.0;21
Centertel;  	AS43447;31.63.56.0;21
Centertel;  	AS43447;31.63.64.0;19
Centertel;  	AS43447;31.63.96.0;22
Centertel;  	AS43447;31.63.100.0;22
Centertel;  	AS43447;31.63.104.0;21
Centertel;  	AS43447;31.63.112.0;20
Centertel;  	AS43447;31.63.128.0;17
Centertel;  	AS43447;31.63.128.0;18
Centertel;  	AS43447;31.63.192.0;18
Centertel;  	AS43447;37.47.0.0;16
Centertel;  	AS43447;37.47.0.0;17
Centertel;  	AS43447;37.47.128.0;17
Centertel;  	AS43447;37.108.0.0;16
Centertel;  	AS43447;37.108.0.0;17
Centertel;  	AS43447;37.108.0.0;18
Centertel;  	AS43447;37.108.128.0;17
Centertel;  	AS43447;37.225.0.0;16
Centertel;  	AS43447;37.225.0.0;17
Centertel;  	AS43447;37.225.128.0;17
Centertel;  	AS43447;37.228.0.0;18
Centertel;  	AS43447;37.228.0.0;19
Centertel;  	AS43447;37.228.32.0;19
Centertel;  	AS43447;37.228.32.0;21
Centertel;  	AS43447;46.134.0.0;17
Centertel;  	AS43447;46.134.0.0;18
Centertel;  	AS43447;46.134.64.0;18
Centertel;  	AS43447;46.134.128.0;18
Centertel;  	AS43447;46.134.192.0;18
Centertel;  	AS43447;46.134.192.0;19
Centertel;  	AS43447;46.134.224.0;19
Centertel;  	AS43447;79.162.0.0;17
Centertel;  	AS43447;79.162.0.0;18
Centertel;  	AS43447;79.162.64.0;18
Centertel;  	AS43447;79.162.128.0;18
Centertel;  	AS43447;79.162.128.0;22
Centertel;  	AS43447;79.162.132.0;22
Centertel;  	AS43447;79.162.136.0;22
Centertel;  	AS43447;79.162.140.0;22
Centertel;  	AS43447;79.162.144.0;22
Centertel;  	AS43447;79.162.148.0;22
Centertel;  	AS43447;79.162.152.0;22
Centertel;  	AS43447;79.162.156.0;22
Centertel;  	AS43447;79.162.160.0;22
Centertel;  	AS43447;79.162.164.0;22
Centertel;  	AS43447;79.162.168.0;22
Centertel;  	AS43447;79.162.172.0;22
Centertel;  	AS43447;79.162.176.0;22
Centertel;  	AS43447;79.162.180.0;22
Centertel;  	AS43447;79.162.184.0;22
Centertel;  	AS43447;79.162.188.0;22
Centertel;  	AS43447;79.162.192.0;19
Centertel;  	AS43447;79.162.192.0;21
Centertel;  	AS43447;79.162.200.0;21
Centertel;  	AS43447;79.162.208.0;20
Centertel;  	AS43447;79.162.208.0;21
Centertel;  	AS43447;79.162.216.0;21
Centertel;  	AS43447;79.162.224.0;19
Centertel;  	AS43447;79.162.224.0;20
Centertel;  	AS43447;79.162.224.0;21
Centertel;  	AS43447;79.162.232.0;21
Centertel;  	AS43447;79.162.240.0;21
Centertel;  	AS43447;79.162.248.0;21
Centertel;  	AS43447;79.163.0.0;16
Centertel;  	AS43447;79.163.0.0;17
Centertel;  	AS43447;79.163.0.0;18
Centertel;  	AS43447;79.163.64.0;18
Centertel;  	AS43447;79.163.64.0;19
Centertel;  	AS43447;79.163.64.0;20
Centertel;  	AS43447;79.163.64.0;22
Centertel;  	AS43447;79.163.68.0;22
Centertel;  	AS43447;79.163.72.0;21
Centertel;  	AS43447;79.163.72.0;22
Centertel;  	AS43447;79.163.76.0;22
Centertel;  	AS43447;79.163.80.0;20
Centertel;  	AS43447;79.163.80.0;22
Centertel;  	AS43447;79.163.84.0;22
Centertel;  	AS43447;79.163.88.0;22
Centertel;  	AS43447;79.163.92.0;22
Centertel;  	AS43447;79.163.96.0;19
Centertel;  	AS43447;79.163.96.0;22
Centertel;  	AS43447;79.163.100.0;22
Centertel;  	AS43447;79.163.104.0;22
Centertel;  	AS43447;79.163.108.0;22
Centertel;  	AS43447;79.163.112.0;22
Centertel;  	AS43447;79.163.116.0;22
Centertel;  	AS43447;79.163.120.0;22
Centertel;  	AS43447;79.163.124.0;22
Centertel;  	AS43447;79.163.128.0;17
Centertel;  	AS43447;79.163.128.0;18
Centertel;  	AS43447;79.163.128.0;19
Centertel;  	AS43447;79.163.128.0;22
Centertel;  	AS43447;79.163.132.0;22
Centertel;  	AS43447;79.163.136.0;22
Centertel;  	AS43447;79.163.140.0;22
Centertel;  	AS43447;79.163.144.0;22
Centertel;  	AS43447;79.163.148.0;22
Centertel;  	AS43447;79.163.152.0;22
Centertel;  	AS43447;79.163.156.0;22
Centertel;  	AS43447;79.163.160.0;19
Centertel;  	AS43447;79.163.160.0;20
Centertel;  	AS43447;79.163.160.0;22
Centertel;  	AS43447;79.163.164.0;22
Centertel;  	AS43447;79.163.168.0;22
Centertel;  	AS43447;79.163.172.0;22
Centertel;  	AS43447;79.163.176.0;20
Centertel;  	AS43447;79.163.176.0;22
Centertel;  	AS43447;79.163.180.0;22
Centertel;  	AS43447;79.163.184.0;22
Centertel;  	AS43447;79.163.188.0;22
Centertel;  	AS43447;79.163.192.0;18
Centertel;  	AS43447;79.163.192.0;19
Centertel;  	AS43447;79.163.192.0;20
Centertel;  	AS43447;79.163.192.0;22
Centertel;  	AS43447;79.163.196.0;22
Centertel;  	AS43447;79.163.200.0;22
Centertel;  	AS43447;79.163.204.0;22
Centertel;  	AS43447;79.163.208.0;20
Centertel;  	AS43447;79.163.208.0;22
Centertel;  	AS43447;79.163.212.0;22
Centertel;  	AS43447;79.163.216.0;22
Centertel;  	AS43447;79.163.220.0;22
Centertel;  	AS43447;79.163.224.0;20
Centertel;  	AS43447;79.163.224.0;22
Centertel;  	AS43447;79.163.228.0;22
Centertel;  	AS43447;79.163.232.0;22
Centertel;  	AS43447;79.163.236.0;22
Centertel;  	AS43447;79.163.240.0;20
Centertel;  	AS43447;79.163.240.0;22
Centertel;  	AS43447;79.163.244.0;22
Centertel;  	AS43447;79.163.248.0;22
Centertel;  	AS43447;79.163.252.0;22
Centertel;  	AS43447;87.96.0.0;17
Centertel;  	AS43447;87.96.0.0;18
Centertel;  	AS43447;87.96.64.0;19
Centertel;  	AS43447;87.96.96.0;19
Centertel;  	AS43447;87.96.96.0;20
Centertel;  	AS43447;87.96.112.0;20
Centertel;  	AS43447;91.94.0.0;16
Centertel;  	AS43447;91.94.0.0;18
Centertel;  	AS43447;91.94.64.0;19
Centertel;  	AS43447;91.94.96.0;19
Centertel;  	AS43447;91.94.128.0;18
Centertel;  	AS43447;91.94.192.0;18
Centertel;  	AS43447;178.56.0.0;17
Centertel;  	AS43447;178.56.0.0;18
Centertel;  	AS43447;178.56.0.0;19
Centertel;  	AS43447;178.56.32.0;19
Centertel;  	AS43447;178.56.64.0;18
Centertel;  	AS43447;178.56.128.0;18
Centertel;  	AS43447;178.56.128.0;19
Centertel;  	AS43447;178.56.128.0;20
Centertel;  	AS43447;178.56.144.0;21
Centertel;  	AS43447;178.56.152.0;21
Centertel;  	AS43447;178.56.160.0;20
Centertel;  	AS43447;178.56.176.0;20
Centertel;  	AS43447;178.56.176.0;21
Centertel;  	AS43447;178.56.184.0;22
Centertel;  	AS43447;178.56.188.0;22
Centertel;  	AS43447;178.56.192.0;18
Centertel;  	AS43447;188.47.0.0;18
Centertel;  	AS43447;188.47.0.0;20
Centertel;  	AS43447;188.47.16.0;21
Centertel;  	AS43447;188.47.16.0;22
Centertel;  	AS43447;188.47.20.0;22
Centertel;  	AS43447;188.47.24.0;21
Centertel;  	AS43447;188.47.32.0;22
Centertel;  	AS43447;188.47.36.0;22
Centertel;  	AS43447;188.47.40.0;21
Centertel;  	AS43447;188.47.48.0;20
Centertel;  	AS43447;188.47.64.0;18
Centertel;  	AS43447;188.47.64.0;20
Centertel;  	AS43447;188.47.80.0;20
Centertel;  	AS43447;188.47.96.0;20
Centertel;  	AS43447;188.47.112.0;20
Centertel;  	AS43447;188.47.128.0;18
Centertel;  	AS43447;188.47.128.0;20
Centertel;  	AS43447;188.47.144.0;21
Centertel;  	AS43447;188.47.152.0;21
Centertel;  	AS43447;188.47.160.0;19
Centertel;  	AS43447;188.47.192.0;19
Centertel;  	AS43447;188.47.192.0;22
Centertel;  	AS43447;188.47.196.0;22
Centertel;  	AS43447;188.47.200.0;22
Centertel;  	AS43447;188.47.204.0;22
Centertel;  	AS43447;188.47.208.0;22
Centertel;  	AS43447;188.47.212.0;22
Centertel;  	AS43447;188.47.216.0;22
Centertel;  	AS43447;188.47.220.0;22
Centertel;  	AS43447;188.47.224.0;19
Centertel;  	AS43447;217.116.100.0;24
Centertel;  	AS43447;217.116.101.0;24
Centertel;  	AS43447;217.116.102.0;24
Centertel;  	AS43447;217.116.103.0;24
Centertel;  	AS43447;217.116.104.0;24
Centertel;  	AS43447;217.116.110.0;24
FTOrange;  AS3215;2.0.0.0;16
FTOrange;  AS3215;2.1.0.0;16
FTOrange;  AS3215;2.2.0.0;16
FTOrange;  AS3215;2.3.0.0;16
FTOrange;  AS3215;2.4.0.0;16
FTOrange;  AS3215;2.5.0.0;16
FTOrange;  AS3215;2.6.0.0;16
FTOrange;  AS3215;2.8.0.0;16
FTOrange;  AS3215;2.9.0.0;16
FTOrange;  AS3215;2.10.0.0;16
FTOrange;  AS3215;2.11.0.0;16
FTOrange;  AS3215;2.12.0.0;16
FTOrange;  AS3215;2.13.0.0;16
FTOrange;  AS3215;2.14.0.0;16
FTOrange;  AS3215;31.44.208.0;24
FTOrange;  AS3215;31.44.209.0;24
FTOrange;  AS3215;62.106.64.0;19
FTOrange;  AS3215;62.160.0.0;15
FTOrange;  AS3215;80.8.0.0;16
FTOrange;  AS3215;80.9.0.0;16
FTOrange;  AS3215;80.10.248.0;21
FTOrange;  AS3215;80.11.0.0;16
FTOrange;  AS3215;80.12.0.0;18
FTOrange;  AS3215;80.12.80.0;20
FTOrange;  AS3215;80.12.99.0;24
FTOrange;  AS3215;80.12.103.0;24
FTOrange;  AS3215;80.12.104.0;21
FTOrange;  AS3215;80.12.108.0;24
FTOrange;  AS3215;80.12.111.0;24
FTOrange;  AS3215;80.12.112.0;20
FTOrange;  AS3215;80.12.128.0;18
FTOrange;  AS3215;80.12.195.0;24
FTOrange;  AS3215;80.12.196.0;22
FTOrange;  AS3215;80.12.197.0;24
FTOrange;  AS3215;80.12.200.0;24
FTOrange;  AS3215;80.13.0.0;16
FTOrange;  AS3215;80.14.0.0;16
FTOrange;  AS3215;80.15.0.0;17
FTOrange;  AS3215;80.15.128.0;18
FTOrange;  AS3215;80.15.192.0;19
FTOrange;  AS3215;81.48.0.0;16
FTOrange;  AS3215;81.49.0.0;17
FTOrange;  AS3215;81.49.128.0;17
FTOrange;  AS3215;81.50.0.0;17
FTOrange;  AS3215;81.50.128.0;17
FTOrange;  AS3215;81.51.0.0;16
FTOrange;  AS3215;81.52.224.0;21
FTOrange;  AS3215;81.52.232.0;22
FTOrange;  AS3215;81.53.0.0;16
FTOrange;  AS3215;81.80.0.0;16
FTOrange;  AS3215;81.248.0.0;16
FTOrange;  AS3215;81.249.0.0;17
FTOrange;  AS3215;81.249.128.0;17
FTOrange;  AS3215;81.250.0.0;16
FTOrange;  AS3215;81.251.0.0;16
FTOrange;  AS3215;81.252.0.0;16
FTOrange;  AS3215;81.255.0.0;16
FTOrange;  AS3215;82.120.0.0;15
FTOrange;  AS3215;82.122.0.0;16
FTOrange;  AS3215;82.123.0.0;16
FTOrange;  AS3215;82.124.0.0;16
FTOrange;  AS3215;82.125.0.0;16
FTOrange;  AS3215;82.126.0.0;16
FTOrange;  AS3215;82.127.0.0;16
FTOrange;  AS3215;83.112.0.0;16
FTOrange;  AS3215;83.113.0.0;16
FTOrange;  AS3215;83.114.0.0;16
FTOrange;  AS3215;83.115.0.0;16
FTOrange;  AS3215;83.192.0.0;16
FTOrange;  AS3215;83.193.0.0;16
FTOrange;  AS3215;83.194.0.0;16
FTOrange;  AS3215;83.195.0.0;16
FTOrange;  AS3215;83.196.0.0;16
FTOrange;  AS3215;83.197.0.0;16
FTOrange;  AS3215;83.198.0.0;16
FTOrange;  AS3215;83.199.0.0;17
FTOrange;  AS3215;83.199.128.0;17
FTOrange;  AS3215;83.200.0.0;17
FTOrange;  AS3215;83.200.128.0;17
FTOrange;  AS3215;83.201.0.0;16
FTOrange;  AS3215;83.202.0.0;17
FTOrange;  AS3215;83.202.128.0;17
FTOrange;  AS3215;83.203.0.0;17
FTOrange;  AS3215;83.203.128.0;17
FTOrange;  AS3215;83.204.0.0;17
FTOrange;  AS3215;83.204.128.0;17
FTOrange;  AS3215;83.205.0.0;16
FTOrange;  AS3215;83.206.0.0;16
FTOrange;  AS3215;86.192.0.0;17
FTOrange;  AS3215;86.192.128.0;17
FTOrange;  AS3215;86.193.0.0;16
FTOrange;  AS3215;86.194.0.0;16
FTOrange;  AS3215;86.195.0.0;16
FTOrange;  AS3215;86.196.0.0;16
FTOrange;  AS3215;86.197.0.0;16
FTOrange;  AS3215;86.198.0.0;17
FTOrange;  AS3215;86.198.128.0;17
FTOrange;  AS3215;86.199.0.0;16
FTOrange;  AS3215;86.200.0.0;16
FTOrange;  AS3215;86.201.0.0;16
FTOrange;  AS3215;86.202.0.0;16
FTOrange;  AS3215;86.203.0.0;16
FTOrange;  AS3215;86.204.0.0;16
FTOrange;  AS3215;86.205.0.0;16
FTOrange;  AS3215;86.206.0.0;16
FTOrange;  AS3215;86.207.0.0;17
FTOrange;  AS3215;86.207.128.0;17
FTOrange;  AS3215;86.208.0.0;16
FTOrange;  AS3215;86.209.0.0;16
FTOrange;  AS3215;86.210.0.0;16
FTOrange;  AS3215;86.211.0.0;16
FTOrange;  AS3215;86.212.0.0;17
FTOrange;  AS3215;86.212.128.0;17
FTOrange;  AS3215;86.213.0.0;17
FTOrange;  AS3215;86.213.128.0;17
FTOrange;  AS3215;86.214.0.0;16
FTOrange;  AS3215;86.215.0.0;17
FTOrange;  AS3215;86.215.128.0;17
FTOrange;  AS3215;86.216.0.0;16
FTOrange;  AS3215;86.217.0.0;17
FTOrange;  AS3215;86.217.128.0;17
FTOrange;  AS3215;86.218.0.0;17
FTOrange;  AS3215;86.218.128.0;17
FTOrange;  AS3215;86.219.0.0;16
FTOrange;  AS3215;86.220.0.0;17
FTOrange;  AS3215;86.220.128.0;17
FTOrange;  AS3215;86.221.0.0;17
FTOrange;  AS3215;86.221.128.0;17
FTOrange;  AS3215;90.0.0.0;16
FTOrange;  AS3215;90.1.0.0;16
FTOrange;  AS3215;90.2.0.0;17
FTOrange;  AS3215;90.2.128.0;17
FTOrange;  AS3215;90.3.0.0;17
FTOrange;  AS3215;90.3.128.0;17
FTOrange;  AS3215;90.4.0.0;16
FTOrange;  AS3215;90.5.0.0;16
FTOrange;  AS3215;90.6.0.0;16
FTOrange;  AS3215;90.7.0.0;16
FTOrange;  AS3215;90.8.0.0;16
FTOrange;  AS3215;90.10.0.0;16
FTOrange;  AS3215;90.11.0.0;16
FTOrange;  AS3215;90.12.0.0;16
FTOrange;  AS3215;90.13.0.0;16
FTOrange;  AS3215;90.14.0.0;16
FTOrange;  AS3215;90.15.0.0;16
FTOrange;  AS3215;90.16.0.0;16
FTOrange;  AS3215;90.17.0.0;17
FTOrange;  AS3215;90.17.128.0;17
FTOrange;  AS3215;90.18.0.0;16
FTOrange;  AS3215;90.19.0.0;16
FTOrange;  AS3215;90.20.0.0;16
FTOrange;  AS3215;90.21.0.0;16
FTOrange;  AS3215;90.22.0.0;16
FTOrange;  AS3215;90.23.0.0;16
FTOrange;  AS3215;90.24.0.0;17
FTOrange;  AS3215;90.24.128.0;17
FTOrange;  AS3215;90.25.0.0;16
FTOrange;  AS3215;90.26.0.0;16
FTOrange;  AS3215;90.27.0.0;16
FTOrange;  AS3215;90.28.0.0;16
FTOrange;  AS3215;90.29.0.0;16
FTOrange;  AS3215;90.30.0.0;16
FTOrange;  AS3215;90.31.0.0;16
FTOrange;  AS3215;90.32.0.0;16
FTOrange;  AS3215;90.33.0.0;16
FTOrange;  AS3215;90.34.0.0;16
FTOrange;  AS3215;90.35.0.0;17
FTOrange;  AS3215;90.35.128.0;17
FTOrange;  AS3215;90.36.0.0;16
FTOrange;  AS3215;90.37.0.0;16
FTOrange;  AS3215;90.38.0.0;16
FTOrange;  AS3215;90.39.0.0;16
FTOrange;  AS3215;90.40.0.0;16
FTOrange;  AS3215;90.41.0.0;16
FTOrange;  AS3215;90.42.0.0;16
FTOrange;  AS3215;90.43.0.0;16
FTOrange;  AS3215;90.43.192.0;18
FTOrange;  AS3215;90.44.0.0;17
FTOrange;  AS3215;90.44.128.0;17
FTOrange;  AS3215;90.45.0.0;16
FTOrange;  AS3215;90.46.0.0;17
FTOrange;  AS3215;90.46.128.0;17
FTOrange;  AS3215;90.47.0.0;16
FTOrange;  AS3215;90.48.0.0;16
FTOrange;  AS3215;90.49.0.0;16
FTOrange;  AS3215;90.50.0.0;16
FTOrange;  AS3215;90.51.0.0;17
FTOrange;  AS3215;90.51.128.0;17
FTOrange;  AS3215;90.52.0.0;16
FTOrange;  AS3215;90.53.0.0;16
FTOrange;  AS3215;90.54.0.0;16
FTOrange;  AS3215;90.55.0.0;16
FTOrange;  AS3215;90.56.0.0;16
FTOrange;  AS3215;90.57.0.0;16
FTOrange;  AS3215;90.58.0.0;16
FTOrange;  AS3215;90.59.0.0;16
FTOrange;  AS3215;90.60.0.0;16
FTOrange;  AS3215;90.61.0.0;17
FTOrange;  AS3215;90.61.128.0;17
FTOrange;  AS3215;90.62.0.0;17
FTOrange;  AS3215;90.62.128.0;17
FTOrange;  AS3215;90.63.0.0;17
FTOrange;  AS3215;90.63.128.0;17
FTOrange;  AS3215;90.63.128.0;18
FTOrange;  AS3215;90.63.192.0;18
FTOrange;  AS3215;90.80.0.0;16
FTOrange;  AS3215;90.83.0.0;16
FTOrange;  AS3215;90.85.0.0;16
FTOrange;  AS3215;91.199.11.0;24
FTOrange;  AS3215;91.230.66.0;23
FTOrange;  AS3215;92.128.0.0;17
FTOrange;  AS3215;92.128.128.0;17
FTOrange;  AS3215;92.129.0.0;16
FTOrange;  AS3215;92.130.0.0;16
FTOrange;  AS3215;92.131.0.0;16
FTOrange;  AS3215;92.132.0.0;17
FTOrange;  AS3215;92.132.128.0;17
FTOrange;  AS3215;92.133.0.0;16
FTOrange;  AS3215;92.134.0.0;16
FTOrange;  AS3215;92.135.0.0;16
FTOrange;  AS3215;92.136.0.0;16
FTOrange;  AS3215;92.137.0.0;16
FTOrange;  AS3215;92.138.0.0;16
FTOrange;  AS3215;92.139.0.0;16
FTOrange;  AS3215;92.140.0.0;17
FTOrange;  AS3215;92.140.128.0;17
FTOrange;  AS3215;92.141.0.0;17
FTOrange;  AS3215;92.141.128.0;17
FTOrange;  AS3215;92.142.0.0;16
FTOrange;  AS3215;92.143.0.0;16
FTOrange;  AS3215;92.144.0.0;16
FTOrange;  AS3215;92.145.0.0;16
FTOrange;  AS3215;92.146.0.0;16
FTOrange;  AS3215;92.147.0.0;16
FTOrange;  AS3215;92.148.0.0;16
FTOrange;  AS3215;92.149.0.0;16
FTOrange;  AS3215;92.150.0.0;16
FTOrange;  AS3215;92.151.0.0;17
FTOrange;  AS3215;92.151.128.0;17
FTOrange;  AS3215;92.152.0.0;17
FTOrange;  AS3215;92.152.128.0;17
FTOrange;  AS3215;92.153.0.0;16
FTOrange;  AS3215;92.154.0.0;17
FTOrange;  AS3215;92.154.128.0;17
FTOrange;  AS3215;92.155.0.0;16
FTOrange;  AS3215;92.156.0.0;16
FTOrange;  AS3215;92.157.0.0;16
FTOrange;  AS3215;92.158.0.0;16
FTOrange;  AS3215;92.159.0.0;17
FTOrange;  AS3215;92.159.128.0;17
FTOrange;  AS3215;92.160.0.0;18
FTOrange;  AS3215;92.160.64.0;18
FTOrange;  AS3215;92.160.128.0;19
FTOrange;  AS3215;92.160.160.0;19
FTOrange;  AS3215;92.160.192.0;18
FTOrange;  AS3215;92.161.0.0;16
FTOrange;  AS3215;92.162.0.0;16
FTOrange;  AS3215;92.163.0.0;17
FTOrange;  AS3215;109.208.0.0;12
FTOrange;  AS3215;109.208.0.0;16
FTOrange;  AS3215;109.209.0.0;17
FTOrange;  AS3215;109.209.128.0;17
FTOrange;  AS3215;109.210.0.0;16
FTOrange;  AS3215;109.211.0.0;16
FTOrange;  AS3215;109.212.0.0;16
FTOrange;  AS3215;109.213.0.0;16
FTOrange;  AS3215;109.214.0.0;16
FTOrange;  AS3215;109.215.0.0;16
FTOrange;  AS3215;109.216.0.0;16
FTOrange;  AS3215;109.217.0.0;16
FTOrange;  AS3215;109.222.0.0;16
FTOrange;  AS3215;109.223.0.0;16
FTOrange;  AS3215;192.134.132.0;24
FTOrange;  AS3215;192.134.133.0;24
FTOrange;  AS3215;192.134.134.0;24
FTOrange;  AS3215;192.134.135.0;24
FTOrange;  AS3215;193.56.172.0;24
FTOrange;  AS3215;193.108.140.0;23
FTOrange;  AS3215;193.108.166.0;23
FTOrange;  AS3215;193.108.216.0;24
FTOrange;  AS3215;193.109.0.0;22
FTOrange;  AS3215;193.221.117.0;24
FTOrange;  AS3215;193.248.0.0;15
FTOrange;  AS3215;193.250.0.0;16
FTOrange;  AS3215;193.251.0.0;18
FTOrange;  AS3215;193.251.64.0;19
FTOrange;  AS3215;193.251.176.0;20
FTOrange;  AS3215;193.251.192.0;20
FTOrange;  AS3215;193.252.0.0;20
FTOrange;  AS3215;193.252.24.0;21
FTOrange;  AS3215;193.252.32.0;19
FTOrange;  AS3215;193.252.96.0;24
FTOrange;  AS3215;193.252.104.0;21
FTOrange;  AS3215;193.252.112.0;28
FTOrange;  AS3215;193.252.114.0;24
FTOrange;  AS3215;193.252.116.0;24
FTOrange;  AS3215;193.252.126.0;24
FTOrange;  AS3215;193.252.164.0;22
FTOrange;  AS3215;193.252.228.0;24
FTOrange;  AS3215;193.252.242.0;23
FTOrange;  AS3215;193.253.32.0;19
FTOrange;  AS3215;193.253.64.0;24
FTOrange;  AS3215;193.253.66.0;23
FTOrange;  AS3215;193.253.68.0;22
FTOrange;  AS3215;193.253.72.0;23
FTOrange;  AS3215;193.253.72.0;24
FTOrange;  AS3215;193.253.96.0;19
FTOrange;  AS3215;193.253.176.0;20
FTOrange;  AS3215;193.253.192.0;18
FTOrange;  AS3215;194.2.0.0;15
FTOrange;  AS3215;194.4.222.0;24
FTOrange;  AS3215;194.5.190.0;23
FTOrange;  AS3215;194.51.0.0;16
FTOrange;  AS3215;194.206.0.0;16
FTOrange;  AS3215;194.250.0.0;16
FTOrange;  AS3215;195.6.0.0;16
FTOrange;  AS3215;195.25.0.0;16
FTOrange;  AS3215;195.101.0.0;16
FTOrange;  AS3215;212.234.0.0;16
FTOrange;  AS3215;213.56.0.0;16
FTOrange;  AS3215;217.108.0.0;15
FTOrange;  AS3215;217.128.0.0;16
FTOrange;  AS3215;217.167.0.0;16
Free;  AS12322;62.147.0.0;16
Free;  AS12322;78.192.0.0;10
Free;  AS12322;81.56.0.0;15
Free;  AS12322;82.64.0.0;14
Free;  AS12322;82.142.0.0;18
Free;  AS12322;82.224.0.0;11
Free;  AS12322;83.152.0.0;13
Free;  AS12322;83.214.0.0;16
Free;  AS12322;88.120.0.0;13
Free;  AS12322;88.160.0.0;11
Free;  AS12322;91.160.0.0;12
Free;  AS12322;194.149.160.0;19
Free;  AS12322;212.27.32.0;19
Free;  AS12322;212.62.128.0;18
Free;  AS12322;213.36.0.0;16
Free;  AS12322;213.228.0.0;18
SFR;  AS29372;80.125.128.0;18
SFR;  AS29372;217.70.80.0;22
SFR;  AS29372;217.70.80.0;23
SFR;  AS29372;217.70.80.0;24
SFR;  AS29372;217.70.81.0;24
SFR;  AS29372;217.70.82.0;24
SFR;  AS29372;217.70.83.0;24
BouyguesTelecom;  AS12844;62.201.128.0;19
BouyguesTelecom;  AS12844;80.214.0.0;17
BouyguesTelecom;  AS12844;80.214.1.0;24
BouyguesTelecom;  AS12844;80.214.128.0;18
BouyguesTelecom;  AS12844;80.214.192.0;19
BouyguesTelecom;  AS12844;80.214.248.0;21
BouyguesTelecom;  AS12844;80.215.0.0;16
BouyguesTelecom;  AS12844;94.238.0.0;15
BouyguesTelecom;  AS12844;176.128.0.0;10
Numericable;  AS21502;62.129.160.0;19
Numericable;  AS21502;62.241.64.0;19
Numericable;  AS21502;62.241.96.0;19
Numericable;  AS21502;80.236.0.0;17
Numericable;  AS21502;80.236.0.0;18
Numericable;  AS21502;80.236.6.0;23
Numericable;  AS21502;80.236.6.0;24
Numericable;  AS21502;80.236.7.0;24
Numericable;  AS21502;80.236.64.0;18
Numericable;  AS21502;80.236.100.0;24
Numericable;  AS21502;80.236.118.0;23
Numericable;  AS21502;80.236.118.0;24
Numericable;  AS21502;80.236.119.0;24
Numericable;  AS21502;80.236.122.0;23
Numericable;  AS21502;81.64.0.0;14
Numericable;  AS21502;81.64.0.0;16
Numericable;  AS21502;81.65.0.0;16
Numericable;  AS21502;81.66.0.0;16
Numericable;  AS21502;81.67.0.0;16
Numericable;  AS21502;81.220.0.0;16
Numericable;  AS21502;81.220.0.0;17
Numericable;  AS21502;81.220.4.0;24
Numericable;  AS21502;81.220.5.0;24
Numericable;  AS21502;81.220.6.0;24
Numericable;  AS21502;81.220.7.0;24
Numericable;  AS21502;81.220.8.0;22
Numericable;  AS21502;81.220.8.0;24
Numericable;  AS21502;81.220.9.0;24
Numericable;  AS21502;81.220.10.0;24
Numericable;  AS21502;81.220.11.0;24
Numericable;  AS21502;81.220.12.0;24
Numericable;  AS21502;81.220.24.0;21
Numericable;  AS21502;81.220.25.0;24
Numericable;  AS21502;81.220.26.0;24
Numericable;  AS21502;81.220.27.0;24
Numericable;  AS21502;81.220.28.0;24
Numericable;  AS21502;81.220.29.0;24
Numericable;  AS21502;81.220.30.0;24
Numericable;  AS21502;81.220.31.0;24
Numericable;  AS21502;81.220.32.0;19
Numericable;  AS21502;81.220.32.0;24
Numericable;  AS21502;81.220.33.0;24
Numericable;  AS21502;81.220.34.0;24
Numericable;  AS21502;81.220.35.0;24
Numericable;  AS21502;81.220.36.0;24
Numericable;  AS21502;81.220.37.0;24
Numericable;  AS21502;81.220.38.0;24
Numericable;  AS21502;81.220.39.0;24
Numericable;  AS21502;81.220.40.0;24
Numericable;  AS21502;81.220.41.0;24
Numericable;  AS21502;81.220.43.0;24
Numericable;  AS21502;81.220.45.0;24
Numericable;  AS21502;81.220.46.0;24
Numericable;  AS21502;81.220.47.0;24
Numericable;  AS21502;81.220.48.0;24
Numericable;  AS21502;81.220.49.0;24
Numericable;  AS21502;81.220.50.0;24
Numericable;  AS21502;81.220.52.0;24
Numericable;  AS21502;81.220.53.0;24
Numericable;  AS21502;81.220.54.0;24
Numericable;  AS21502;81.220.55.0;24
Numericable;  AS21502;81.220.56.0;24
Numericable;  AS21502;81.220.57.0;24
Numericable;  AS21502;81.220.58.0;24
Numericable;  AS21502;81.220.59.0;24
Numericable;  AS21502;81.220.60.0;24
Numericable;  AS21502;81.220.61.0;24
Numericable;  AS21502;81.220.62.0;24
Numericable;  AS21502;81.220.63.0;24
Numericable;  AS21502;81.220.64.0;19
Numericable;  AS21502;81.220.64.0;24
Numericable;  AS21502;81.220.65.0;24
Numericable;  AS21502;81.220.66.0;24
Numericable;  AS21502;81.220.67.0;24
Numericable;  AS21502;81.220.68.0;24
Numericable;  AS21502;81.220.69.0;24
Numericable;  AS21502;81.220.70.0;24
Numericable;  AS21502;81.220.71.0;24
Numericable;  AS21502;81.220.72.0;24
Numericable;  AS21502;81.220.73.0;24
Numericable;  AS21502;81.220.74.0;24
Numericable;  AS21502;81.220.75.0;24
Numericable;  AS21502;81.220.76.0;24
Numericable;  AS21502;81.220.77.0;24
Numericable;  AS21502;81.220.78.0;24
Numericable;  AS21502;81.220.79.0;24
Numericable;  AS21502;81.220.80.0;24
Numericable;  AS21502;81.220.81.0;24
Numericable;  AS21502;81.220.82.0;24
Numericable;  AS21502;81.220.83.0;24
Numericable;  AS21502;81.220.84.0;24
Numericable;  AS21502;81.220.85.0;24
Numericable;  AS21502;81.220.86.0;24
Numericable;  AS21502;81.220.87.0;24
Numericable;  AS21502;81.220.88.0;24
Numericable;  AS21502;81.220.89.0;24
Numericable;  AS21502;81.220.90.0;24
Numericable;  AS21502;81.220.91.0;24
Numericable;  AS21502;81.220.92.0;24
Numericable;  AS21502;81.220.93.0;24
Numericable;  AS21502;81.220.124.0;22
Numericable;  AS21502;81.220.124.0;24
Numericable;  AS21502;81.220.125.0;24
Numericable;  AS21502;81.220.126.0;24
Numericable;  AS21502;81.220.127.0;24
Numericable;  AS21502;81.220.128.0;17
Numericable;  AS21502;81.220.128.0;20
Numericable;  AS21502;81.220.128.0;24
Numericable;  AS21502;81.220.129.0;24
Numericable;  AS21502;81.220.130.0;24
Numericable;  AS21502;81.220.131.0;24
Numericable;  AS21502;81.220.132.0;24
Numericable;  AS21502;81.220.133.0;24
Numericable;  AS21502;81.220.134.0;24
Numericable;  AS21502;81.220.135.0;24
Numericable;  AS21502;81.220.136.0;24
Numericable;  AS21502;81.220.137.0;24
Numericable;  AS21502;81.220.138.0;24
Numericable;  AS21502;81.220.139.0;24
Numericable;  AS21502;81.220.140.0;24
Numericable;  AS21502;81.220.141.0;24
Numericable;  AS21502;81.220.142.0;24
Numericable;  AS21502;81.220.143.0;24
Numericable;  AS21502;81.220.146.0;24
Numericable;  AS21502;81.220.148.0;24
Numericable;  AS21502;81.220.150.0;24
Numericable;  AS21502;81.220.151.0;24
Numericable;  AS21502;81.220.152.0;21
Numericable;  AS21502;81.220.152.0;24
Numericable;  AS21502;81.220.153.0;24
Numericable;  AS21502;81.220.154.0;24
Numericable;  AS21502;81.220.155.0;24
Numericable;  AS21502;81.220.156.0;24
Numericable;  AS21502;81.220.157.0;24
Numericable;  AS21502;81.220.158.0;24
Numericable;  AS21502;81.220.159.0;24
Numericable;  AS21502;81.220.160.0;22
Numericable;  AS21502;81.220.160.0;24
Numericable;  AS21502;81.220.161.0;24
Numericable;  AS21502;81.220.162.0;24
Numericable;  AS21502;81.220.163.0;24
Numericable;  AS21502;81.220.164.0;24
Numericable;  AS21502;81.220.165.0;24
Numericable;  AS21502;81.220.166.0;24
Numericable;  AS21502;81.220.167.0;24
Numericable;  AS21502;81.220.168.0;21
Numericable;  AS21502;81.220.168.0;24
Numericable;  AS21502;81.220.169.0;24
Numericable;  AS21502;81.220.170.0;24
Numericable;  AS21502;81.220.171.0;24
Numericable;  AS21502;81.220.172.0;22
Numericable;  AS21502;81.220.176.0;23
Numericable;  AS21502;81.220.179.0;24
Numericable;  AS21502;81.220.181.0;24
Numericable;  AS21502;81.220.184.0;22
Numericable;  AS21502;81.220.184.0;24
Numericable;  AS21502;81.220.185.0;24
Numericable;  AS21502;81.220.186.0;24
Numericable;  AS21502;81.220.187.0;24
Numericable;  AS21502;81.220.188.0;24
Numericable;  AS21502;81.220.189.0;24
Numericable;  AS21502;81.220.190.0;24
Numericable;  AS21502;81.220.191.0;24
Numericable;  AS21502;81.220.192.0;20
Numericable;  AS21502;81.220.192.0;24
Numericable;  AS21502;81.220.193.0;24
Numericable;  AS21502;81.220.194.0;24
Numericable;  AS21502;81.220.195.0;24
Numericable;  AS21502;81.220.196.0;24
Numericable;  AS21502;81.220.197.0;24
Numericable;  AS21502;81.220.198.0;24
Numericable;  AS21502;81.220.199.0;24
Numericable;  AS21502;81.220.200.0;24
Numericable;  AS21502;81.220.201.0;24
Numericable;  AS21502;81.220.202.0;24
Numericable;  AS21502;81.220.203.0;24
Numericable;  AS21502;81.220.204.0;24
Numericable;  AS21502;81.220.205.0;24
Numericable;  AS21502;81.220.206.0;24
Numericable;  AS21502;81.220.207.0;24
Numericable;  AS21502;81.220.208.0;21
Numericable;  AS21502;81.220.208.0;24
Numericable;  AS21502;81.220.209.0;24
Numericable;  AS21502;81.220.210.0;24
Numericable;  AS21502;81.220.211.0;24
Numericable;  AS21502;81.220.212.0;24
Numericable;  AS21502;81.220.213.0;24
Numericable;  AS21502;81.220.214.0;24
Numericable;  AS21502;81.220.215.0;24
Numericable;  AS21502;81.220.216.0;22
Numericable;  AS21502;81.220.216.0;24
Numericable;  AS21502;81.220.217.0;24
Numericable;  AS21502;81.220.218.0;24
Numericable;  AS21502;81.220.219.0;24
Numericable;  AS21502;81.220.220.0;24
Numericable;  AS21502;81.220.221.0;24
Numericable;  AS21502;81.220.224.0;21
Numericable;  AS21502;81.220.224.0;24
Numericable;  AS21502;81.220.225.0;24
Numericable;  AS21502;81.220.226.0;24
Numericable;  AS21502;81.220.227.0;24
Numericable;  AS21502;81.220.228.0;24
Numericable;  AS21502;81.220.229.0;24
Numericable;  AS21502;81.220.230.0;24
Numericable;  AS21502;81.220.231.0;24
Numericable;  AS21502;81.220.232.0;24
Numericable;  AS21502;81.220.233.0;24
Numericable;  AS21502;81.220.234.0;24
Numericable;  AS21502;81.220.240.0;22
Numericable;  AS21502;81.220.241.0;24
Numericable;  AS21502;81.220.242.0;24
Numericable;  AS21502;81.220.243.0;24
Numericable;  AS21502;81.220.248.0;22
Numericable;  AS21502;81.220.249.0;24
Numericable;  AS21502;81.220.250.0;24
Numericable;  AS21502;81.220.251.0;24
Numericable;  AS21502;81.220.254.0;24
Numericable;  AS21502;82.216.0.0;16
Numericable;  AS21502;82.216.0.0;17
Numericable;  AS21502;82.216.8.0;21
Numericable;  AS21502;82.216.8.0;24
Numericable;  AS21502;82.216.9.0;24
Numericable;  AS21502;82.216.10.0;24
Numericable;  AS21502;82.216.11.0;24
Numericable;  AS21502;82.216.12.0;22
Numericable;  AS21502;82.216.16.0;22
Numericable;  AS21502;82.216.28.0;24
Numericable;  AS21502;82.216.29.0;24
Numericable;  AS21502;82.216.30.0;24
Numericable;  AS21502;82.216.31.0;24
Numericable;  AS21502;82.216.32.0;22
Numericable;  AS21502;82.216.32.0;24
Numericable;  AS21502;82.216.33.0;24
Numericable;  AS21502;82.216.34.0;24
Numericable;  AS21502;82.216.35.0;24
Numericable;  AS21502;82.216.36.0;24
Numericable;  AS21502;82.216.37.0;24
Numericable;  AS21502;82.216.38.0;24
Numericable;  AS21502;82.216.39.0;24
Numericable;  AS21502;82.216.40.0;24
Numericable;  AS21502;82.216.41.0;24
Numericable;  AS21502;82.216.42.0;24
Numericable;  AS21502;82.216.43.0;24
Numericable;  AS21502;82.216.44.0;24
Numericable;  AS21502;82.216.45.0;24
Numericable;  AS21502;82.216.46.0;24
Numericable;  AS21502;82.216.47.0;24
Numericable;  AS21502;82.216.52.0;22
Numericable;  AS21502;82.216.56.0;22
Numericable;  AS21502;82.216.60.0;22
Numericable;  AS21502;82.216.64.0;22
Numericable;  AS21502;82.216.72.0;22
Numericable;  AS21502;82.216.112.0;23
Numericable;  AS21502;82.216.112.0;24
Numericable;  AS21502;82.216.113.0;24
Numericable;  AS21502;82.216.120.0;24
Numericable;  AS21502;82.216.128.0;17
Numericable;  AS21502;82.216.176.0;22
Numericable;  AS21502;82.216.176.0;24
Numericable;  AS21502;82.216.177.0;24
Numericable;  AS21502;82.216.184.0;22
Numericable;  AS21502;82.216.184.0;24
Numericable;  AS21502;82.216.185.0;24
Numericable;  AS21502;82.216.186.0;24
Numericable;  AS21502;82.216.187.0;24
Numericable;  AS21502;82.216.200.0;22
Numericable;  AS21502;82.216.200.0;24
Numericable;  AS21502;82.216.201.0;24
Numericable;  AS21502;82.216.202.0;24
Numericable;  AS21502;82.216.203.0;24
Numericable;  AS21502;82.216.204.0;22
Numericable;  AS21502;82.216.206.0;24
Numericable;  AS21502;82.216.207.0;24
Numericable;  AS21502;82.216.208.0;22
Numericable;  AS21502;82.216.208.0;24
Numericable;  AS21502;82.216.209.0;24
Numericable;  AS21502;82.216.210.0;24
Numericable;  AS21502;82.216.211.0;24
Numericable;  AS21502;82.216.212.0;24
Numericable;  AS21502;82.216.213.0;24
Numericable;  AS21502;82.216.214.0;24
Numericable;  AS21502;82.216.215.0;24
Numericable;  AS21502;82.216.216.0;24
Numericable;  AS21502;82.216.217.0;24
Numericable;  AS21502;82.216.218.0;24
Numericable;  AS21502;82.216.219.0;24
Numericable;  AS21502;82.216.224.0;24
Numericable;  AS21502;82.216.225.0;24
Numericable;  AS21502;82.216.226.0;24
Numericable;  AS21502;82.216.227.0;24
Numericable;  AS21502;82.216.228.0;24
Numericable;  AS21502;82.216.229.0;24
Numericable;  AS21502;82.216.230.0;24
Numericable;  AS21502;82.216.231.0;24
Numericable;  AS21502;82.216.232.0;23
Numericable;  AS21502;82.216.234.0;23
Numericable;  AS21502;82.216.244.0;24
Numericable;  AS21502;82.216.245.0;24
Numericable;  AS21502;82.216.246.0;24
Numericable;  AS21502;82.216.247.0;24
Numericable;  AS21502;82.216.248.0;24
Numericable;  AS21502;82.216.249.0;24
Numericable;  AS21502;82.216.250.0;24
Numericable;  AS21502;82.216.251.0;24
Numericable;  AS21502;83.141.128.0;17
Numericable;  AS21502;85.68.0.0;15
Numericable;  AS21502;85.68.0.0;16
Numericable;  AS21502;85.69.0.0;16
Numericable;  AS21502;85.168.0.0;14
Numericable;  AS21502;85.168.0.0;16
Numericable;  AS21502;85.169.0.0;16
Numericable;  AS21502;85.170.0.0;16
Numericable;  AS21502;85.171.0.0;16
Numericable;  AS21502;87.231.0.0;16
Numericable;  AS21502;87.231.0.0;17
Numericable;  AS21502;87.231.128.0;17
Numericable;  AS21502;89.2.0.0;15
Numericable;  AS21502;89.2.0.0;16
Numericable;  AS21502;89.3.0.0;16
Numericable;  AS21502;89.156.0.0;14
Numericable;  AS21502;89.156.0.0;16
Numericable;  AS21502;89.157.0.0;16
Numericable;  AS21502;89.157.96.0;19
Numericable;  AS21502;89.158.0.0;16
Numericable;  AS21502;89.159.0.0;16
Numericable;  AS21502;194.169.203.0;24
Numericable;  AS21502;195.132.0.0;16
Numericable;  AS21502;195.132.0.0;17
Numericable;  AS21502;195.132.128.0;17
Numericable;  AS21502;212.198.0.0;16
Numericable;  AS21502;212.198.0.0;17
Numericable;  AS21502;212.198.128.0;17
Numericable;  AS21502;213.169.160.0;19
Numericable;  AS21502;213.245.0.0;16
Numericable;  AS21502;213.245.0.0;17
Numericable;  AS21502;213.245.128.0;17
Renater;  AS2200;81.194.0.0;16
Renater;  AS2200;91.236.25.0;24
Renater;  AS2200;129.20.0.0;16
Renater;  AS2200;129.88.0.0;16
Renater;  AS2200;129.102.0.0;16
Renater;  AS2200;129.104.0.0;16
Renater;  AS2200;129.175.0.0;16
Renater;  AS2200;129.199.0.0;16
Renater;  AS2200;130.66.0.0;16
Renater;  AS2200;130.84.0.0;16
Renater;  AS2200;130.120.0.0;16
Renater;  AS2200;130.190.0.0;16
Renater;  AS2200;131.254.0.0;16
Renater;  AS2200;132.149.0.0;16
Renater;  AS2200;132.165.0.0;16
Renater;  AS2200;132.166.0.0;15
Renater;  AS2200;132.168.0.0;15
Renater;  AS2200;132.227.0.0;16
Renater;  AS2200;134.59.0.0;16
Renater;  AS2200;134.157.0.0;16
Renater;  AS2200;134.158.0.0;16
Renater;  AS2200;134.158.159.0;24
Renater;  AS2200;134.206.0.0;16
Renater;  AS2200;134.212.0.0;16
Renater;  AS2200;134.214.0.0;16
Renater;  AS2200;134.246.0.0;16
Renater;  AS2200;137.121.0.0;16
Renater;  AS2200;138.63.0.0;16
Renater;  AS2200;138.96.0.0;16
Renater;  AS2200;138.102.0.0;16
Renater;  AS2200;139.100.0.0;16
Renater;  AS2200;139.124.0.0;16
Renater;  AS2200;140.77.0.0;16
Renater;  AS2200;140.93.0.0;16
Renater;  AS2200;141.115.0.0;16
Renater;  AS2200;145.238.0.0;16
Renater;  AS2200;146.19.0.0;16
Renater;  AS2200;147.94.0.0;16
Renater;  AS2200;147.99.0.0;16
Renater;  AS2200;147.100.0.0;16
Renater;  AS2200;147.127.0.0;16
Renater;  AS2200;147.171.0.0;16
Renater;  AS2200;147.173.0.0;16
Renater;  AS2200;147.210.0.0;16
Renater;  AS2200;147.215.0.0;16
Renater;  AS2200;147.250.0.0;16
Renater;  AS2200;148.60.0.0;16
Renater;  AS2200;152.77.0.0;16
Renater;  AS2200;152.81.0.0;16
Renater;  AS2200;156.18.0.0;16
Renater;  AS2200;156.28.128.0;17
Renater;  AS2200;157.136.0.0;16
Renater;  AS2200;157.159.0.0;16
Renater;  AS2200;157.169.0.0;16
Renater;  AS2200;159.31.0.0;16
Renater;  AS2200;159.84.0.0;16
Renater;  AS2200;160.103.0.0;16
Renater;  AS2200;160.228.0.0;16
Renater;  AS2200;161.3.0.0;16
Renater;  AS2200;161.104.0.0;16
Renater;  AS2200;161.106.0.0;16
Renater;  AS2200;162.38.0.0;16
Renater;  AS2200;163.9.0.0;16
Renater;  AS2200;163.173.0.0;16
Renater;  AS2200;164.81.0.0;16
Renater;  AS2200;192.5.59.0;24
Renater;  AS2200;192.33.150.0;24
Renater;  AS2200;192.33.156.0;24
Renater;  AS2200;192.33.158.0;24
Renater;  AS2200;192.33.159.0;24
Renater;  AS2200;192.33.178.0;24
Renater;  AS2200;192.33.182.0;24
Renater;  AS2200;192.44.58.0;24
Renater;  AS2200;192.44.60.0;24
Renater;  AS2200;192.44.75.0;24
Renater;  AS2200;192.44.76.0;24
Renater;  AS2200;192.44.77.0;24
Renater;  AS2200;192.44.78.0;24
Renater;  AS2200;192.54.160.0;24
Renater;  AS2200;192.54.161.0;24
Renater;  AS2200;192.54.174.0;24
Renater;  AS2200;192.54.175.0;24
Renater;  AS2200;192.54.176.0;24
Renater;  AS2200;192.54.190.0;24
Renater;  AS2200;192.54.201.0;24
Renater;  AS2200;192.54.202.0;24
Renater;  AS2200;192.54.205.0;24
Renater;  AS2200;192.54.206.0;24
Renater;  AS2200;192.54.207.0;24
Renater;  AS2200;192.54.208.0;24
Renater;  AS2200;192.54.209.0;24
Renater;  AS2200;192.54.210.0;24
Renater;  AS2200;192.54.215.0;24
Renater;  AS2200;192.54.216.0;24
Renater;  AS2200;192.54.217.0;24
Renater;  AS2200;192.54.218.0;24
Renater;  AS2200;192.70.0.0;17
Renater;  AS2200;192.93.0.0;16
Renater;  AS2200;192.93.0.0;19
Renater;  AS2200;192.102.224.0;24
Renater;  AS2200;192.108.115.0;24
Renater;  AS2200;192.108.116.0;24
Renater;  AS2200;192.108.117.0;24
Renater;  AS2200;192.108.118.0;24
Renater;  AS2200;192.108.119.0;24
Renater;  AS2200;192.134.0.0;16
Renater;  AS2200;192.144.74.0;24
Renater;  AS2200;192.144.76.0;24
Renater;  AS2200;192.144.77.0;24
Renater;  AS2200;192.190.129.0;24
Renater;  AS2200;192.190.130.0;24
Renater;  AS2200;192.190.131.0;24
Renater;  AS2200;192.190.132.0;24
Renater;  AS2200;192.190.233.0;24
Renater;  AS2200;192.190.234.0;24
Renater;  AS2200;192.190.235.0;24
Renater;  AS2200;192.190.236.0;24
Renater;  AS2200;193.48.0.0;14
Renater;  AS2200;193.48.101.0;24
Renater;  AS2200;193.48.161.0;24
Renater;  AS2200;193.48.162.0;24
Renater;  AS2200;193.49.22.0;24
Renater;  AS2200;193.49.230.0;24
Renater;  AS2200;193.50.15.0;24
Renater;  AS2200;193.50.134.0;24
Renater;  AS2200;193.50.222.0;24
Renater;  AS2200;193.50.223.0;24
Renater;  AS2200;193.50.252.0;24
Renater;  AS2200;193.50.253.0;24
Renater;  AS2200;193.51.56.0;24
Renater;  AS2200;193.51.58.0;24
Renater;  AS2200;193.51.118.0;24
Renater;  AS2200;193.51.128.48;29
Renater;  AS2200;193.51.128.128;25
Renater;  AS2200;193.51.134.0;24
Renater;  AS2200;193.51.135.0;24
Renater;  AS2200;193.51.165.0;24
Renater;  AS2200;193.51.169.0;24
Renater;  AS2200;193.52.0.0;16
Renater;  AS2200;193.52.0.0;24
Renater;  AS2200;193.52.1.0;24
Renater;  AS2200;193.52.35.0;24
Renater;  AS2200;193.52.35.128;25
Renater;  AS2200;193.52.68.0;24
Renater;  AS2200;193.52.216.0;24
Renater;  AS2200;193.52.217.0;24
Renater;  AS2200;193.54.0.0;15
Renater;  AS2200;193.54.33.0;24
Renater;  AS2200;193.54.56.0;24
Renater;  AS2200;193.54.136.0;24
Renater;  AS2200;193.54.149.0;24
Renater;  AS2200;193.54.195.0;24
Renater;  AS2200;193.54.225.0;24
Renater;  AS2200;193.55.4.0;24
Renater;  AS2200;193.55.5.0;25
Renater;  AS2200;193.55.5.128;26
Renater;  AS2200;193.55.5.192;26
Renater;  AS2200;193.56.4.0;22
Renater;  AS2200;193.56.108.0;24
Renater;  AS2200;193.56.109.0;24
Renater;  AS2200;193.56.110.0;24
Renater;  AS2200;193.56.111.0;24
Renater;  AS2200;193.56.228.0;24
Renater;  AS2200;193.56.229.0;24
Renater;  AS2200;193.56.230.0;24
Renater;  AS2200;194.57.0.0;16
Renater;  AS2200;194.57.170.0;24
Renater;  AS2200;194.57.183.0;24
Renater;  AS2200;194.57.241.0;24
Renater;  AS2200;194.167.0.0;16
Renater;  AS2200;194.167.15.0;24
Renater;  AS2200;194.167.18.0;24
Renater;  AS2200;194.167.41.0;24
Renater;  AS2200;194.199.0.0;16
Renater;  AS2200;194.199.12.0;24
Renater;  AS2200;194.199.12.0;26
Renater;  AS2200;194.199.12.64;27
Renater;  AS2200;194.199.74.0;24
Renater;  AS2200;194.199.83.0;24
Renater;  AS2200;194.199.84.0;24
Renater;  AS2200;194.199.85.0;24
Renater;  AS2200;194.199.86.0;24
Renater;  AS2200;194.199.87.0;24
Renater;  AS2200;194.199.88.0;24
Renater;  AS2200;194.199.89.0;24
Renater;  AS2200;194.199.90.0;24
Renater;  AS2200;194.199.95.0;24
Renater;  AS2200;194.199.96.0;24
Renater;  AS2200;194.199.97.0;24
Renater;  AS2200;194.214.0.0;16
Renater;  AS2200;194.214.214.0;24
Renater;  AS2200;194.254.0.0;16
Renater;  AS2200;194.254.51.0;24
Renater;  AS2200;194.254.231.0;24
Renater;  AS2200;195.83.0.0;16
Renater;  AS2200;195.83.166.0;24
Renater;  AS2200;195.83.189.0;24
Renater;  AS2200;195.83.190.0;24
Renater;  AS2200;195.83.210.0;24
Renater;  AS2200;195.83.214.0;24
Renater;  AS2200;195.83.214.0;25
Renater;  AS2200;195.83.254.0;24
Renater;  AS2200;195.98.224.0;19
Renater;  AS2200;195.98.226.0;24
Renater;  AS2200;195.98.227.0;24
Renater;  AS2200;195.98.239.0;24
Renater;  AS2200;195.220.0.0;16
Renater;  AS2200;195.220.91.0;24
Renater;  AS2200;195.221.0.0;16
Renater;  AS2200;195.221.157.0;24
Renater;  AS2200;195.221.158.0;24
Renater;  AS2200;195.221.159.0;24
Renater;  AS2200;195.221.160.0;24
Renater;  AS2200;195.221.161.0;24
Renater;  AS2200;195.221.162.0;24
Renater;  AS2200;195.221.202.0;24
Renater;  AS2200;195.221.234.0;24
Renater;  AS2200;195.221.235.0;24
Uni2;  AS12479;62.36.0.0;16
Uni2;  AS12479;62.36.237.0;24
Uni2;  AS12479;62.36.238.0;24
Uni2;  AS12479;62.37.0.0;16
Uni2;  AS12479;80.102.0.0;15
Uni2;  AS12479;84.76.32.0;19
Uni2;  AS12479;84.76.128.0;19
Uni2;  AS12479;84.77.16.0;20
Uni2;  AS12479;85.48.0.0;12
Uni2;  AS12479;90.160.0.0;12
Uni2;  AS12479;90.160.42.0;24
Uni2;  AS12479;90.161.43.0;24
Uni2;  AS12479;92.57.96.0;19
Uni2;  AS12479;92.57.128.0;17
Uni2;  AS12479;92.59.0.0;16
Amena;  AS20921;83.231.0.0;17
Amena;  AS20921;83.231.0.0;21
Amena;  AS20921;83.231.8.0;21
Amena;  AS20921;83.231.16.0;21
Amena;  AS20921;83.231.32.0;24
Amena;  AS20921;83.231.33.0;24
Amena;  AS20921;83.231.34.0;24
Amena;  AS20921;83.231.35.0;24
Amena;  AS20921;83.231.40.0;21
Amena;  AS20921;83.231.48.0;21
Amena;  AS20921;213.143.32.0;19
Amena;  AS20921;213.143.32.0;24
Amena;  AS20921;213.143.33.0;24
Amena;  AS20921;213.143.34.0;24
Amena;  AS20921;213.143.36.0;24
Amena;  AS20921;213.143.37.0;24
Amena;  AS20921;213.143.38.0;24
Amena;  AS20921;213.143.39.0;24
Amena;  AS20921;213.143.44.0;23
Amena;  AS20921;213.143.46.0;23
Amena;  AS20921;213.143.48.0;23
Amena;  AS20921;213.143.50.0;23
Amena;  AS20921;213.143.52.0;24
Amena;  AS20921;213.143.53.0;24
Amena;  AS20921;213.143.54.0;23
Amena;  AS20921;213.143.56.0;23
Amena;  AS20921;213.143.58.0;23
Amena;  AS20921;213.143.60.0;23
Amena;  AS20921;213.143.62.0;23
Yacom;  AS20838;62.151.0.0;17
Yacom;  AS20838;62.151.0.0;19
Yacom;  AS20838;62.151.32.0;20
Yacom;  AS20838;62.151.48.0;20
Yacom;  AS20838;62.151.64.0;20
Yacom;  AS20838;62.151.80.0;20
Yacom;  AS20838;62.151.96.0;19
Yacom;  AS20838;62.151.128.0;17
Yacom;  AS20838;62.151.128.0;18
Yacom;  AS20838;62.151.192.0;19
Yacom;  AS20838;62.151.224.0;20
Yacom;  AS20838;84.76.0.0;16
Yacom;  AS20838;84.76.0.0;17
Yacom;  AS20838;84.76.16.0;20
Yacom;  AS20838;84.76.32.0;20
Yacom;  AS20838;84.76.64.0;20
Yacom;  AS20838;84.76.80.0;20
Yacom;  AS20838;84.76.128.0;17
Yacom;  AS20838;84.76.128.0;20
Yacom;  AS20838;84.76.144.0;20
Yacom;  AS20838;84.76.160.0;20
Yacom;  AS20838;84.76.192.0;20
Yacom;  AS20838;84.76.208.0;20
Yacom;  AS20838;84.76.224.0;20
Yacom;  AS20838;84.77.0.0;16
Yacom;  AS20838;84.77.0.0;17
Yacom;  AS20838;84.77.0.0;19
Yacom;  AS20838;84.77.0.0;20
Yacom;  AS20838;84.77.16.0;20
Yacom;  AS20838;84.77.32.0;19
Yacom;  AS20838;84.77.32.0;20
Yacom;  AS20838;84.77.48.0;20
Yacom;  AS20838;84.77.64.0;19
Yacom;  AS20838;84.77.64.0;20
Yacom;  AS20838;84.77.80.0;20
Yacom;  AS20838;84.77.96.0;19
Yacom;  AS20838;84.77.96.0;20
Yacom;  AS20838;84.77.128.0;17
Yacom;  AS20838;84.77.128.0;18
Yacom;  AS20838;84.77.128.0;19
Yacom;  AS20838;84.77.128.0;20
Yacom;  AS20838;84.77.144.0;20
Yacom;  AS20838;84.77.160.0;19
Yacom;  AS20838;84.77.160.0;20
Yacom;  AS20838;84.77.176.0;20
Yacom;  AS20838;84.77.192.0;19
Yacom;  AS20838;84.77.192.0;20
Yacom;  AS20838;84.77.208.0;20
Yacom;  AS20838;84.77.224.0;19
Yacom;  AS20838;84.77.240.0;20
Yacom;  AS20838;84.77.255.0;24
Yacom;  AS20838;84.78.0.0;15
Yacom;  AS20838;84.78.0.0;16
Yacom;  AS20838;84.78.0.0;17
Yacom;  AS20838;84.78.0.0;19
Yacom;  AS20838;84.78.32.0;20
Yacom;  AS20838;84.78.48.0;20
Yacom;  AS20838;84.78.64.0;20
Yacom;  AS20838;84.78.80.0;20
Yacom;  AS20838;84.78.96.0;20
Yacom;  AS20838;84.78.112.0;20
Yacom;  AS20838;84.78.128.0;17
Yacom;  AS20838;84.78.128.0;20
Yacom;  AS20838;84.78.144.0;20
Yacom;  AS20838;84.78.160.0;20
Yacom;  AS20838;84.78.176.0;20
Yacom;  AS20838;84.78.192.0;20
Yacom;  AS20838;84.78.208.0;20
Yacom;  AS20838;84.78.224.0;20
Yacom;  AS20838;84.78.240.0;20
Yacom;  AS20838;84.79.0.0;16
Yacom;  AS20838;84.79.0.0;17
Yacom;  AS20838;84.79.0.0;20
Yacom;  AS20838;84.79.16.0;20
Yacom;  AS20838;84.79.32.0;20
Yacom;  AS20838;84.79.48.0;20
Yacom;  AS20838;84.79.64.0;20
Yacom;  AS20838;84.79.80.0;20
Yacom;  AS20838;84.79.96.0;20
Yacom;  AS20838;84.79.112.0;20
Yacom;  AS20838;84.79.128.0;17
Yacom;  AS20838;84.79.128.0;20
Yacom;  AS20838;84.79.144.0;20
Yacom;  AS20838;84.79.160.0;20
Yacom;  AS20838;84.79.176.0;20
Yacom;  AS20838;84.79.192.0;20
Yacom;  AS20838;84.79.208.0;20
Yacom;  AS20838;84.79.224.0;20
Yacom;  AS20838;84.79.240.0;20
Yacom;  AS20838;89.128.0.0;15
Yacom;  AS20838;89.128.0.0;16
Yacom;  AS20838;89.128.0.0;17
Yacom;  AS20838;89.128.0.0;19
Yacom;  AS20838;89.128.0.0;20
Yacom;  AS20838;89.128.16.0;20
Yacom;  AS20838;89.128.32.0;19
Yacom;  AS20838;89.128.32.0;20
Yacom;  AS20838;89.128.48.0;20
Yacom;  AS20838;89.128.64.0;19
Yacom;  AS20838;89.128.64.0;20
Yacom;  AS20838;89.128.80.0;20
Yacom;  AS20838;89.128.96.0;19
Yacom;  AS20838;89.128.96.0;20
Yacom;  AS20838;89.128.112.0;20
Yacom;  AS20838;89.128.128.0;17
Yacom;  AS20838;89.128.128.0;19
Yacom;  AS20838;89.128.128.0;20
Yacom;  AS20838;89.128.144.0;20
Yacom;  AS20838;89.128.160.0;20
Yacom;  AS20838;89.128.168.0;21
Yacom;  AS20838;89.128.176.0;20
Yacom;  AS20838;89.128.192.0;19
Yacom;  AS20838;89.128.192.0;20
Yacom;  AS20838;89.128.208.0;20
Yacom;  AS20838;89.128.224.0;19
Yacom;  AS20838;89.128.224.0;20
Yacom;  AS20838;89.128.240.0;20
Yacom;  AS20838;89.129.0.0;16
Yacom;  AS20838;89.129.0.0;17
Yacom;  AS20838;89.129.0.0;19
Yacom;  AS20838;89.129.0.0;20
Yacom;  AS20838;89.129.16.0;20
Yacom;  AS20838;89.129.32.0;20
Yacom;  AS20838;89.129.48.0;20
Yacom;  AS20838;89.129.64.0;20
Yacom;  AS20838;89.129.80.0;20
Yacom;  AS20838;89.129.96.0;20
Yacom;  AS20838;89.129.112.0;20
Yacom;  AS20838;89.129.128.0;17
Yacom;  AS20838;89.129.128.0;20
Yacom;  AS20838;89.129.144.0;20
Yacom;  AS20838;89.129.160.0;20
Yacom;  AS20838;89.129.176.0;20
Yacom;  AS20838;89.129.192.0;20
Yacom;  AS20838;89.129.208.0;20
Yacom;  AS20838;89.129.224.0;20
Yacom;  AS20838;89.129.240.0;20
Yacom;  AS20838;89.130.0.0;15
Yacom;  AS20838;89.130.0.0;16
Yacom;  AS20838;89.130.0.0;17
Yacom;  AS20838;89.130.0.0;19
Yacom;  AS20838;89.130.0.0;20
Yacom;  AS20838;89.130.16.0;20
Yacom;  AS20838;89.130.32.0;19
Yacom;  AS20838;89.130.32.0;20
Yacom;  AS20838;89.130.48.0;20
Yacom;  AS20838;89.130.64.0;20
Yacom;  AS20838;89.130.80.0;20
Yacom;  AS20838;89.130.96.0;20
Yacom;  AS20838;89.130.112.0;20
Yacom;  AS20838;89.130.128.0;17
Yacom;  AS20838;89.130.128.0;20
Yacom;  AS20838;89.130.144.0;20
Yacom;  AS20838;89.130.160.0;20
Yacom;  AS20838;89.130.176.0;21
Yacom;  AS20838;89.130.184.0;21
Yacom;  AS20838;89.130.192.0;20
Yacom;  AS20838;89.130.208.0;21
Yacom;  AS20838;89.130.216.0;21
Yacom;  AS20838;89.130.224.0;21
Yacom;  AS20838;89.130.232.0;21
Yacom;  AS20838;89.130.240.0;21
Yacom;  AS20838;89.130.248.0;21
Yacom;  AS20838;89.131.0.0;16
Yacom;  AS20838;89.131.0.0;17
Yacom;  AS20838;89.131.0.0;20
Yacom;  AS20838;89.131.16.0;20
Yacom;  AS20838;89.131.32.0;20
Yacom;  AS20838;89.131.48.0;20
Yacom;  AS20838;89.131.64.0;20
Yacom;  AS20838;89.131.80.0;20
Yacom;  AS20838;89.131.96.0;20
Yacom;  AS20838;89.131.112.0;20
Yacom;  AS20838;89.131.128.0;17
Yacom;  AS20838;89.131.128.0;20
Yacom;  AS20838;89.131.144.0;20
Yacom;  AS20838;89.131.160.0;20
Yacom;  AS20838;89.131.176.0;20
Yacom;  AS20838;89.131.192.0;20
Yacom;  AS20838;89.131.208.0;20
Yacom;  AS20838;89.131.224.0;20
Yacom;  AS20838;89.131.240.0;20
Yacom;  AS20838;92.56.0.0;16
Yacom;  AS20838;92.56.0.0;17
Yacom;  AS20838;92.56.0.0;18
Yacom;  AS20838;92.56.0.0;19
Yacom;  AS20838;92.56.0.0;20
Yacom;  AS20838;92.56.16.0;20
Yacom;  AS20838;92.56.32.0;19
Yacom;  AS20838;92.56.32.0;20
Yacom;  AS20838;92.56.48.0;20
Yacom;  AS20838;92.56.64.0;18
Yacom;  AS20838;92.56.64.0;19
Yacom;  AS20838;92.56.64.0;20
Yacom;  AS20838;92.56.80.0;20
Yacom;  AS20838;92.56.96.0;19
Yacom;  AS20838;92.56.96.0;20
Yacom;  AS20838;92.56.112.0;20
Yacom;  AS20838;92.56.128.0;17
Yacom;  AS20838;92.56.128.0;18
Yacom;  AS20838;92.56.128.0;19
Yacom;  AS20838;92.56.128.0;20
Yacom;  AS20838;92.56.144.0;20
Yacom;  AS20838;92.56.160.0;19
Yacom;  AS20838;92.56.160.0;20
Yacom;  AS20838;92.56.176.0;20
Yacom;  AS20838;92.56.192.0;18
Yacom;  AS20838;92.56.192.0;19
Yacom;  AS20838;92.56.192.0;20
Yacom;  AS20838;92.56.208.0;20
Yacom;  AS20838;92.56.224.0;19
Yacom;  AS20838;92.56.224.0;20
Yacom;  AS20838;92.56.240.0;20
Yacom;  AS20838;92.57.0.0;16
Yacom;  AS20838;92.57.0.0;17
Yacom;  AS20838;92.57.0.0;18
Yacom;  AS20838;92.57.0.0;19
Yacom;  AS20838;92.57.0.0;20
Yacom;  AS20838;92.57.16.0;20
Yacom;  AS20838;92.57.32.0;19
Yacom;  AS20838;92.57.32.0;20
Yacom;  AS20838;92.57.48.0;20
Yacom;  AS20838;92.57.64.0;18
Yacom;  AS20838;92.57.64.0;19
Yacom;  AS20838;92.57.64.0;20
Yacom;  AS20838;92.57.80.0;20
Yacom;  AS20838;92.57.112.0;20
Yacom;  AS20838;92.57.144.0;20
Yacom;  AS20838;92.57.160.0;19
Yacom;  AS20838;92.57.160.0;20
Yacom;  AS20838;92.57.176.0;20
Yacom;  AS20838;92.57.192.0;18
Yacom;  AS20838;92.57.192.0;19
Yacom;  AS20838;92.57.192.0;20
Yacom;  AS20838;92.57.208.0;20
Yacom;  AS20838;92.57.224.0;19
Yacom;  AS20838;92.57.224.0;20
Yacom;  AS20838;92.57.240.0;20
Albura;  AS24654;80.251.64.0;20
Albura;  AS24654;193.148.96.0;20
Albura;  AS24654;217.173.112.0;20
Albura;  AS24654;217.173.112.0;21
Albura;  AS24654;217.173.120.0;21
